"INT_ID","Angle","Front_to_Rear","Head_On","Sideswipe_Same_Dir","Sideswipe_Opp_Dir","Parked_Veh","Rear_to_Side","Rear_to_Rear","Single_Veh","Sev_1","Sev_2","Sev_3","Sev_4","Sev_5"
1,1,0,0,0,0,0,0,0,0,0,1,0,0,0
2,2,3,0,1,0,0,0,0,0,5,0,0,1,0
3,19,12,2,3,2,0,0,0,1,27,10,1,1,0
5,9,1,0,1,0,0,0,0,0,6,0,4,1,0
6,8,3,0,2,1,0,0,0,0,13,1,0,0,0
8,0,0,0,0,0,0,0,0,3,3,0,0,0,0
11,9,0,0,1,0,0,0,0,0,1,3,3,3,0
14,19,19,3,6,2,0,0,0,0,32,15,1,1,0
16,3,2,0,7,0,0,0,0,0,11,1,0,0,0
21,2,0,0,0,0,0,0,0,1,1,0,2,0,0
26,10,11,1,2,2,0,0,0,4,15,7,3,5,0
28,1,1,0,0,0,0,0,0,0,2,0,0,0,0
29,1,1,0,0,0,0,0,0,1,2,0,1,0,0
30,4,2,2,2,0,0,0,0,3,9,2,2,0,0
35,0,0,0,0,0,0,0,0,2,0,0,1,1,0
38,0,1,0,0,0,0,0,0,2,3,0,0,0,0
39,1,0,0,0,0,0,0,0,0,1,0,0,0,0
44,14,16,2,1,0,0,0,0,2,19,13,3,0,0
47,8,37,0,16,0,2,2,0,1,53,9,3,1,0
48,3,12,0,0,0,0,0,0,1,13,2,1,0,0
49,5,16,0,7,0,0,0,0,0,25,2,1,0,0
54,48,68,2,8,1,0,0,0,2,84,35,9,1,0
60,9,16,2,2,0,0,0,0,0,21,6,2,0,0
61,2,1,0,0,0,0,0,0,0,1,0,0,1,1
68,1,2,0,2,0,0,0,0,4,3,3,3,0,0
70,10,5,1,1,0,0,0,0,1,13,3,2,0,0
76,13,23,1,4,1,0,0,0,1,28,11,3,1,0
77,0,0,0,0,0,0,0,0,1,0,0,0,1,0
79,0,0,0,1,0,1,0,0,0,2,0,0,0,0
81,6,4,1,1,0,0,0,0,1,7,5,1,0,0
83,3,0,0,1,0,0,0,0,0,3,0,1,0,0
85,1,5,0,0,0,0,0,0,2,6,1,1,0,0
88,2,0,0,0,0,0,0,0,0,1,0,1,0,0
92,5,22,2,1,1,0,0,0,1,20,10,2,0,0
93,1,0,0,0,1,0,0,0,1,2,1,0,0,0
94,1,0,0,0,0,0,0,0,0,0,1,0,0,0
100,0,0,0,0,0,0,0,0,1,1,0,0,0,0
101,1,4,0,0,0,0,0,0,0,5,0,0,0,0
104,18,8,2,1,1,0,0,0,0,15,7,7,1,0
106,1,0,0,0,0,0,0,0,0,0,0,1,0,0
107,2,10,0,0,0,0,0,0,3,9,4,2,0,0
114,8,18,0,9,1,0,0,0,4,29,8,3,0,0
115,12,16,2,6,1,0,0,0,1,27,8,3,0,0
122,1,3,0,4,0,0,0,0,0,5,1,2,0,0
125,0,1,0,0,0,0,0,0,0,0,0,0,0,1
132,1,1,0,0,0,0,0,0,0,2,0,0,0,0
133,0,0,0,0,0,0,0,0,1,1,0,0,0,0
138,4,11,0,2,0,0,0,0,1,13,4,1,0,0
140,3,6,0,2,0,0,0,0,2,11,2,0,0,0
141,3,4,0,1,0,0,0,0,0,8,0,0,0,0
142,2,10,0,2,0,0,0,0,4,14,2,1,1,0
143,4,10,0,4,0,1,0,0,2,18,2,1,0,0
144,1,9,1,3,1,1,0,0,1,13,4,0,0,0
145,5,4,0,3,0,1,0,0,1,13,0,0,1,0
148,0,0,0,0,0,0,0,0,1,1,0,0,0,0
150,0,0,0,0,0,0,0,0,1,1,0,0,0,0
152,1,2,0,1,0,0,0,0,0,4,0,0,0,0
153,1,0,1,0,0,0,0,0,1,1,1,1,0,0
154,3,2,0,0,0,0,0,0,1,5,0,0,0,1
159,1,1,0,0,0,0,0,0,0,2,0,0,0,0
162,0,2,0,0,0,0,0,0,0,2,0,0,0,0
164,0,0,0,0,0,1,0,0,0,0,1,0,0,0
166,2,0,0,0,0,0,0,0,0,0,0,2,0,0
168,5,50,2,0,0,0,0,0,2,34,17,7,1,0
169,0,1,0,0,0,0,0,0,1,1,1,0,0,0
170,15,4,0,0,1,0,0,0,1,9,5,7,0,0
171,2,1,0,0,0,0,0,0,0,1,2,0,0,0
173,7,0,1,0,1,0,0,0,0,3,4,1,1,0
175,1,4,2,0,0,0,0,0,0,3,4,0,0,0
176,1,7,0,0,0,0,0,0,0,2,4,2,0,0
178,3,0,0,0,1,1,0,0,1,3,1,2,0,0
180,2,3,0,2,0,0,0,0,3,6,4,0,0,0
182,1,0,0,0,0,0,0,0,0,1,0,0,0,0
183,0,0,0,0,0,0,0,0,2,2,0,0,0,0
184,0,0,0,1,0,0,0,0,1,1,1,0,0,0
185,7,6,0,1,0,0,0,0,1,7,4,4,0,0
187,2,0,0,0,0,0,0,0,4,4,0,1,1,0
190,1,0,0,0,0,0,0,0,0,0,1,0,0,0
192,0,0,0,1,0,0,0,0,0,1,0,0,0,0
198,10,15,1,0,1,0,0,0,1,13,7,8,0,0
203,0,0,0,1,0,0,0,0,0,1,0,0,0,0
206,1,1,0,0,0,0,0,0,0,1,0,1,0,0
207,1,0,0,1,0,0,0,0,1,3,0,0,0,0
210,10,29,1,0,0,0,0,0,1,19,15,5,1,1
213,17,27,2,3,0,0,0,0,1,24,15,8,2,1
214,0,0,0,0,0,0,0,0,2,1,0,1,0,0
216,0,0,0,0,0,0,0,0,1,0,1,0,0,0
224,0,1,0,1,0,0,0,0,0,1,1,0,0,0
227,3,0,0,2,1,2,0,0,0,6,0,1,1,0
228,0,0,0,0,0,0,0,0,1,1,0,0,0,0
229,0,1,0,0,0,0,0,0,0,1,0,0,0,0
230,1,1,0,3,0,0,0,0,0,4,1,0,0,0
231,10,1,0,1,0,0,0,0,0,5,4,2,1,0
232,2,0,0,0,0,0,0,0,1,1,0,1,1,0
236,10,2,0,0,0,0,0,0,1,7,2,4,0,0
239,1,1,0,1,0,0,0,0,1,2,1,1,0,0
241,0,1,0,0,0,0,0,0,0,1,0,0,0,0
242,10,2,1,0,0,0,0,0,3,10,2,3,0,1
244,6,10,0,3,0,0,0,0,5,16,5,1,2,0
251,0,0,0,0,0,0,0,0,2,2,0,0,0,0
252,17,13,2,0,1,0,0,0,1,18,11,5,0,0
257,24,8,2,1,0,0,0,0,4,20,6,10,2,1
258,3,0,0,0,0,0,0,0,1,2,0,2,0,0
260,0,0,0,0,0,0,0,0,1,0,1,0,0,0
265,0,1,0,0,0,0,0,0,2,3,0,0,0,0
269,5,8,0,0,1,0,0,0,1,11,1,2,0,1
273,0,0,0,0,0,0,0,0,1,0,1,0,0,0
274,1,1,0,0,0,0,0,0,0,2,0,0,0,0
279,0,0,0,0,0,0,0,0,1,0,0,1,0,0
281,1,0,0,0,0,0,0,0,0,0,0,1,0,0
289,3,0,0,0,0,0,0,0,0,2,0,0,0,1
290,1,0,0,0,0,0,0,0,0,0,0,1,0,0
291,1,0,0,0,0,0,0,0,0,0,0,1,0,0
293,0,0,0,0,0,0,0,0,2,2,0,0,0,0
297,13,0,0,0,1,0,1,0,2,9,4,3,1,0
305,1,0,0,0,0,0,0,0,1,2,0,0,0,0
306,0,1,0,0,0,0,0,0,1,2,0,0,0,0
315,1,1,0,1,0,0,0,0,1,3,1,0,0,0
316,1,0,0,0,0,0,0,0,0,0,1,0,0,0
317,6,3,0,1,0,0,0,0,1,9,1,1,0,0
320,1,0,0,0,0,0,0,0,0,1,0,0,0,0
321,2,0,0,0,0,0,0,0,2,2,0,1,1,0
326,8,5,1,1,1,2,0,0,1,13,5,1,0,0
327,0,1,0,1,0,1,0,0,1,4,0,0,0,0
329,0,0,0,1,0,0,0,0,1,2,0,0,0,0
332,0,0,0,0,0,0,0,0,1,1,0,0,0,0
334,2,1,0,1,0,0,0,0,3,5,1,1,0,0
335,1,0,0,0,0,0,0,0,1,2,0,0,0,0
336,2,1,0,0,0,0,0,0,1,1,2,0,0,1
341,1,0,0,1,0,0,0,0,1,3,0,0,0,0
342,4,1,0,1,0,0,0,0,0,2,2,1,1,0
343,6,0,1,0,0,0,0,0,1,1,3,3,1,0
346,1,0,0,0,0,0,0,0,0,1,0,0,0,0
347,0,0,0,1,0,1,0,0,0,2,0,0,0,0
348,0,0,0,1,0,1,0,0,0,2,0,0,0,0
349,2,8,0,1,0,0,0,0,0,5,4,1,1,0
351,1,0,0,0,0,0,0,0,0,0,0,0,1,0
353,0,0,0,1,0,0,0,0,1,2,0,0,0,0
354,1,0,0,1,0,0,0,0,0,2,0,0,0,0
356,0,0,0,0,0,0,0,0,1,1,0,0,0,0
359,1,0,0,0,0,0,0,0,1,1,0,1,0,0
366,1,0,0,0,0,0,0,0,2,2,1,0,0,0
370,3,0,0,0,0,0,0,0,0,1,1,0,1,0
374,0,2,0,0,0,0,0,0,2,3,1,0,0,0
375,0,1,0,0,0,0,0,0,0,1,0,0,0,0
376,0,1,0,0,0,0,0,0,0,1,0,0,0,0
378,0,2,0,0,0,0,0,0,0,2,0,0,0,0
379,2,8,0,0,0,0,0,0,3,10,1,2,0,0
380,3,1,0,0,0,1,0,0,1,5,0,1,0,0
381,3,1,0,0,0,0,0,0,0,3,1,0,0,0
382,3,5,1,0,0,0,0,0,2,7,3,1,0,0
383,11,4,0,4,1,0,1,0,1,17,4,1,0,0
384,4,4,0,2,0,0,0,0,0,7,1,0,2,0
385,6,2,0,0,1,1,0,0,1,8,1,2,0,0
386,11,9,0,0,0,0,0,0,1,13,7,0,1,0
387,1,0,0,0,0,0,0,0,1,0,0,2,0,0
388,1,6,2,0,0,0,0,0,2,7,2,2,0,0
389,0,2,0,0,0,0,0,0,1,3,0,0,0,0
390,8,18,0,1,1,1,0,0,1,21,6,3,0,0
391,7,10,0,1,0,0,1,0,3,17,4,1,0,0
392,12,9,1,1,0,1,0,0,2,16,5,4,1,0
394,8,7,4,0,1,0,0,0,1,10,6,4,1,0
396,0,0,1,0,0,0,0,0,0,1,0,0,0,0
401,0,1,0,0,0,0,0,0,0,1,0,0,0,0
403,3,1,0,0,0,0,0,0,1,1,4,0,0,0
404,3,0,0,0,0,0,0,0,4,2,1,3,1,0
405,3,0,0,0,0,0,0,0,2,4,1,0,0,0
407,0,0,0,1,0,0,0,0,1,2,0,0,0,0
416,0,1,0,0,0,0,0,0,2,1,1,0,0,1
417,0,0,0,0,0,0,0,0,2,0,1,0,0,1
422,0,0,1,0,0,0,0,0,0,1,0,0,0,0
423,0,0,0,0,0,0,0,0,1,1,0,0,0,0
426,1,0,0,0,0,0,0,0,0,1,0,0,0,0
427,1,1,0,0,0,0,0,0,0,2,0,0,0,0
429,1,0,0,1,0,0,0,0,0,1,0,1,0,0
435,0,0,0,0,0,0,0,0,2,2,0,0,0,0
436,0,0,0,0,0,0,0,0,2,2,0,0,0,0
438,0,0,0,0,0,0,0,0,1,1,0,0,0,0
442,1,0,0,0,0,0,0,0,0,0,0,1,0,0
446,0,0,0,0,0,0,0,0,2,0,0,1,1,0
448,0,1,0,1,0,0,0,0,0,1,0,1,0,0
449,0,0,0,0,1,0,0,0,0,0,0,1,0,0
452,0,0,1,0,0,0,0,0,0,0,0,0,0,1
453,0,1,0,0,0,0,0,0,1,2,0,0,0,0
454,4,2,0,0,1,0,0,0,0,3,4,0,0,0
455,6,10,1,0,1,0,0,0,0,12,2,4,0,0
456,4,5,1,0,0,0,0,0,1,7,4,0,0,0
457,1,3,0,0,0,0,0,0,0,3,1,0,0,0
459,2,0,0,0,0,0,0,0,0,2,0,0,0,0
461,4,1,0,2,1,0,0,0,0,4,1,1,0,2
463,0,0,2,0,0,0,0,0,1,1,1,1,0,0
466,10,0,1,1,1,0,0,0,0,7,4,2,0,0
469,1,1,0,0,0,0,0,0,0,2,0,0,0,0
470,15,16,4,4,0,2,0,0,1,31,6,5,0,0
471,8,0,1,2,0,0,0,0,0,8,1,2,0,0
472,2,4,1,0,0,0,0,0,0,4,3,0,0,0
473,31,8,4,2,4,0,0,0,0,32,11,5,0,1
474,10,4,3,0,0,0,0,0,2,15,3,1,0,0
475,2,1,1,0,0,0,0,0,0,1,2,1,0,0
476,6,7,0,1,0,0,0,0,0,10,4,0,0,0
477,7,10,1,0,2,0,0,0,4,16,3,5,0,0
478,10,11,3,0,1,0,1,0,1,16,7,3,1,0
479,5,8,2,0,0,0,0,0,1,13,2,1,0,0
480,12,24,0,1,0,0,0,0,4,29,6,6,0,0
481,9,6,0,1,2,0,0,0,3,7,12,0,1,1
482,5,3,0,1,0,0,0,0,3,7,2,3,0,0
483,3,2,0,3,0,0,0,0,1,6,2,1,0,0
484,2,0,1,0,1,0,0,0,1,3,0,2,0,0
485,15,16,0,0,0,0,0,0,0,20,10,1,0,0
486,1,3,0,0,1,0,0,0,0,5,0,0,0,0
487,2,5,0,2,0,0,0,0,0,6,0,3,0,0
489,7,9,0,1,0,0,0,0,1,12,5,1,0,0
490,1,1,0,0,0,0,0,0,0,1,1,0,0,0
491,1,1,0,0,0,0,0,0,1,1,2,0,0,0
492,7,16,0,1,0,1,0,0,2,14,7,3,3,0
493,1,0,0,0,0,0,0,0,0,0,1,0,0,0
495,0,1,0,1,0,0,0,0,3,2,2,1,0,0
496,10,2,0,0,0,0,0,0,0,5,4,2,1,0
497,8,2,0,0,1,0,0,0,2,6,4,3,0,0
500,3,0,0,1,0,0,0,0,0,2,1,1,0,0
501,3,3,0,0,0,1,0,0,1,4,2,1,0,1
502,9,4,0,1,0,0,0,0,0,9,2,3,0,0
503,1,3,0,0,0,0,0,0,1,2,1,2,0,0
504,0,1,0,0,0,0,0,0,0,0,0,1,0,0
505,6,5,0,0,0,0,0,0,2,8,4,1,0,0
506,7,10,0,0,0,0,0,0,2,12,6,1,0,0
508,3,0,0,0,0,0,0,0,0,3,0,0,0,0
510,10,9,0,1,1,0,0,0,3,12,9,2,0,1
511,2,1,0,1,1,0,0,0,1,3,2,0,1,0
512,0,6,0,0,0,0,0,0,0,5,1,0,0,0
513,3,1,0,0,0,0,0,0,0,2,1,0,1,0
514,7,2,0,0,0,0,0,0,1,6,3,1,0,0
515,17,13,2,0,1,0,0,1,0,15,16,3,0,0
516,2,0,0,1,0,1,0,0,0,1,3,0,0,0
517,9,1,0,1,0,0,0,0,1,8,3,1,0,0
518,9,9,1,1,0,1,0,0,1,13,6,2,0,1
519,15,23,3,2,1,0,0,0,2,26,13,7,0,0
520,19,8,2,5,0,2,0,0,1,24,8,5,0,0
521,7,13,0,0,0,1,0,0,1,13,8,0,1,0
522,18,5,1,2,1,0,0,0,2,19,5,4,1,0
523,1,1,0,0,0,0,0,0,0,1,1,0,0,0
524,1,1,0,0,0,0,0,0,0,1,1,0,0,0
525,2,2,0,0,0,0,0,0,0,1,2,1,0,0
526,0,0,0,0,0,0,0,0,4,2,0,2,0,0
527,17,14,2,1,1,0,0,0,1,22,12,2,0,0
528,3,3,1,0,0,0,0,0,3,6,2,2,0,0
529,2,0,0,0,0,0,0,0,0,2,0,0,0,0
531,14,1,0,1,0,1,0,0,0,13,3,1,0,0
532,1,1,0,1,0,0,0,0,1,3,0,0,1,0
534,5,4,3,1,0,0,0,0,1,10,0,4,0,0
536,13,15,1,1,1,0,0,0,3,22,10,2,0,0
537,47,21,4,5,2,1,0,0,1,38,34,5,3,1
538,12,0,0,0,0,0,0,0,0,6,4,1,1,0
539,27,18,5,3,1,0,0,0,1,30,21,4,0,0
540,49,43,1,15,2,0,0,0,2,62,36,13,1,0
541,4,6,0,0,1,0,0,0,2,4,5,3,1,0
542,5,0,0,0,0,0,0,0,3,6,2,0,0,0
543,11,2,1,4,0,0,0,0,1,9,6,2,2,0
544,6,11,0,2,0,0,0,0,0,13,4,0,2,0
545,26,2,1,1,1,1,0,0,2,17,10,6,1,0
549,9,16,0,0,0,0,0,0,0,18,7,0,0,0
550,39,64,2,14,0,0,0,0,3,95,19,7,1,0
551,23,40,0,2,1,0,0,0,7,45,19,9,0,0
552,14,16,0,2,2,0,0,0,0,29,4,1,0,0
553,15,85,2,13,0,0,0,0,3,97,16,5,0,0
554,10,3,0,0,3,0,0,0,3,17,0,2,0,0
555,1,3,0,5,0,0,0,0,0,7,2,0,0,0
556,2,2,0,4,2,0,0,0,0,10,0,0,0,0
558,0,0,0,2,0,0,0,0,0,2,0,0,0,0
559,9,9,0,1,0,0,1,0,2,16,6,0,0,0
560,12,16,1,1,0,0,0,0,1,19,8,3,1,0
562,9,15,0,2,0,0,0,1,2,21,4,3,1,0
565,18,54,2,7,0,0,0,0,1,64,13,4,1,0
566,1,2,0,0,0,0,0,0,0,3,0,0,0,0
567,5,16,0,2,1,0,0,0,0,19,2,2,1,0
568,19,17,0,3,0,0,0,0,1,23,12,4,1,0
570,1,0,0,0,0,0,0,0,0,0,1,0,0,0
575,37,22,8,0,0,0,0,0,2,33,18,10,8,0
578,36,12,2,3,0,0,0,0,4,27,13,14,2,1
579,1,4,1,0,0,0,0,0,4,5,4,1,0,0
580,15,3,0,0,0,0,0,0,2,6,5,8,1,0
581,20,16,1,3,1,0,0,0,8,26,10,11,2,0
582,16,2,0,1,0,0,0,0,1,7,4,8,1,0
583,1,0,0,0,0,0,0,0,1,2,0,0,0,0
584,3,2,0,0,0,0,0,0,0,3,1,1,0,0
585,3,1,0,0,0,0,0,0,2,4,0,2,0,0
586,4,4,0,0,0,1,0,0,1,7,2,1,0,0
587,0,3,0,0,0,0,0,0,2,1,2,1,1,0
588,42,23,6,5,1,1,0,0,3,48,18,13,2,0
589,35,7,2,1,0,1,0,0,5,22,19,10,0,0
590,7,6,2,2,0,0,0,0,0,10,5,2,0,0
592,15,16,1,0,0,1,0,0,1,19,11,4,0,0
593,6,12,0,0,0,0,0,0,2,10,7,3,0,0
594,17,14,2,3,1,0,0,0,6,29,8,4,2,0
595,16,6,0,2,1,0,0,0,2,14,5,8,0,0
596,8,18,0,4,0,0,0,0,5,25,7,3,0,0
597,28,17,7,1,2,0,0,0,4,31,22,5,1,0
598,12,6,1,1,0,0,0,0,3,11,7,5,0,0
599,11,6,2,0,0,0,0,0,2,12,7,2,0,0
601,26,4,0,2,0,0,0,0,2,20,9,5,0,0
603,24,11,1,1,0,0,0,0,1,21,13,3,1,0
604,12,8,0,2,0,0,0,1,4,16,2,8,1,0
606,31,21,5,3,0,0,0,0,3,33,16,14,0,0
607,20,13,5,0,1,0,0,0,3,24,9,9,0,0
609,3,0,0,0,0,0,0,0,0,1,1,1,0,0
610,30,14,1,4,0,0,0,0,6,34,13,6,1,1
611,28,26,5,2,0,0,0,0,4,41,11,13,0,0
612,18,10,4,3,0,0,0,0,4,22,10,6,1,0
613,11,2,1,1,0,0,0,0,0,8,3,4,0,0
615,4,19,0,0,0,1,0,0,0,12,8,4,0,0
616,0,1,0,0,0,0,0,0,2,1,1,1,0,0
618,9,38,2,0,0,0,0,0,3,32,13,4,3,0
619,53,24,6,3,1,0,0,0,3,57,17,13,3,0
620,16,34,1,4,0,0,0,0,3,36,12,9,0,1
621,0,1,1,0,0,1,0,0,0,2,1,0,0,0
622,7,11,0,0,0,0,0,0,1,10,4,5,0,0
623,14,14,0,2,0,1,0,0,2,16,8,6,2,1
624,43,14,8,3,0,0,0,0,6,44,13,12,5,0
625,37,25,3,4,1,1,0,1,5,40,19,16,1,1
626,15,26,3,0,0,0,0,0,3,31,8,7,1,0
627,12,8,0,1,0,0,0,0,1,13,6,3,0,0
628,2,2,0,0,1,0,0,0,1,5,1,0,0,0
629,0,2,0,0,0,0,0,0,0,2,0,0,0,0
630,4,0,0,0,0,0,0,0,1,2,1,2,0,0
631,28,25,3,4,1,0,0,0,6,35,13,18,1,0
633,30,16,4,3,2,1,0,0,3,31,15,11,2,0
634,3,6,0,1,0,1,0,0,0,8,1,2,0,0
635,11,20,1,3,0,0,0,0,2,25,12,0,0,0
636,21,31,1,2,2,0,0,0,3,41,16,2,0,1
637,0,1,0,1,0,0,0,0,0,2,0,0,0,0
638,22,97,3,24,0,0,0,0,5,116,23,10,2,0
639,29,50,0,10,1,1,0,0,0,67,14,10,0,0
640,34,73,0,7,0,0,0,0,3,78,29,9,1,0
641,17,31,3,5,0,1,0,0,2,39,13,7,0,0
642,0,20,0,5,0,0,0,0,3,23,5,0,0,0
643,5,4,1,0,0,0,0,0,0,8,1,1,0,0
644,38,37,1,8,2,0,0,0,6,57,23,11,1,0
645,27,85,2,37,0,3,0,0,8,131,26,4,1,0
646,10,12,1,6,0,0,0,0,1,23,2,5,0,0
647,2,20,1,4,0,0,0,0,0,21,4,1,1,0
648,5,6,0,0,0,0,0,0,0,8,1,1,1,0
649,6,5,0,1,0,0,0,0,5,9,3,5,0,0
650,4,5,0,1,0,0,0,0,1,6,3,2,0,0
651,47,45,0,9,1,0,0,0,1,69,24,9,1,0
652,5,0,0,1,0,0,0,0,0,5,0,1,0,0
653,30,24,2,4,2,0,0,0,9,47,8,15,0,1
655,4,1,1,0,0,1,0,0,0,5,1,1,0,0
656,0,7,0,0,0,0,0,0,2,5,2,2,0,0
657,20,23,3,1,1,1,0,0,5,32,16,5,1,0
658,2,1,1,3,0,0,0,0,1,6,1,0,0,1
659,9,13,1,2,1,0,0,0,2,18,7,2,1,0
660,2,1,0,0,0,0,0,0,1,2,0,2,0,0
661,16,7,0,1,0,0,0,0,0,16,6,2,0,0
662,15,64,0,19,0,0,0,0,7,82,18,4,1,0
663,21,14,2,5,1,0,0,0,1,33,6,5,0,0
664,17,20,4,4,0,0,0,0,2,25,17,5,0,0
665,4,4,0,3,1,1,0,0,1,10,2,2,0,0
666,7,4,0,0,1,0,0,0,2,8,3,3,0,0
669,5,5,0,0,1,0,0,0,1,8,3,1,0,0
670,3,7,1,13,2,0,0,1,1,27,0,1,0,0
671,22,28,3,2,1,0,0,0,1,41,9,6,1,0
673,5,8,0,1,0,1,0,0,1,13,2,1,0,0
674,0,1,0,0,0,0,0,0,1,1,0,0,1,0
675,26,2,0,0,3,0,0,0,1,22,6,4,0,0
677,2,3,0,0,0,0,0,0,1,4,1,1,0,0
679,0,7,2,0,0,0,0,0,2,9,0,2,0,0
680,2,0,0,0,0,0,0,0,5,5,2,0,0,0
681,0,0,0,0,0,0,0,0,2,1,1,0,0,0
682,1,3,2,0,0,0,0,0,3,4,2,3,0,0
683,1,3,0,0,0,0,0,0,2,4,1,1,0,0
684,6,11,0,0,0,0,0,0,8,12,7,4,2,0
685,20,32,0,6,0,0,0,0,5,43,16,4,0,0
686,16,8,0,1,0,0,0,0,5,13,9,6,2,0
688,15,75,1,20,1,0,0,0,1,87,21,5,0,0
689,20,11,1,2,1,0,0,0,1,23,9,3,1,0
690,0,5,0,1,0,0,0,0,1,5,2,0,0,0
691,66,55,3,7,1,1,1,0,3,95,27,12,3,0
693,10,10,0,2,0,2,0,0,1,14,5,4,2,0
694,23,18,0,3,1,0,0,0,2,29,12,6,0,0
695,15,17,0,2,0,0,0,0,3,22,9,6,0,0
696,6,14,4,6,0,0,0,0,1,23,5,3,0,0
697,4,1,0,0,0,0,0,0,0,3,2,0,0,0
698,21,11,1,5,1,1,0,0,6,28,8,7,3,0
699,2,2,0,0,0,0,0,0,0,3,0,0,1,0
700,30,19,3,5,2,0,0,0,4,44,9,9,1,0
701,15,61,2,8,0,0,0,0,4,62,25,2,1,0
703,4,7,2,0,2,0,0,0,0,10,3,2,0,0
704,0,0,0,0,0,0,0,0,1,0,0,1,0,0
705,12,11,2,1,0,0,0,0,1,19,4,3,1,0
706,11,9,2,3,1,1,0,0,2,22,2,4,0,1
707,6,4,1,2,0,0,0,0,4,11,3,3,0,0
708,5,16,1,2,0,0,0,0,2,20,5,1,0,0
710,9,0,3,1,0,0,0,0,3,9,5,2,0,0
713,9,17,1,3,1,0,0,0,0,20,6,5,0,0
714,5,2,0,0,0,0,0,0,0,5,1,1,0,0
715,1,1,1,0,0,0,0,0,0,3,0,0,0,0
716,25,15,3,3,0,0,0,0,3,32,11,6,0,0
717,40,12,10,1,3,0,0,0,4,39,16,13,1,1
719,10,3,0,2,0,0,0,0,0,11,2,2,0,0
720,9,5,0,2,0,0,0,0,0,12,2,2,0,0
721,37,24,2,1,0,0,0,0,2,46,10,9,1,0
722,7,39,1,9,1,0,0,0,2,49,8,2,0,0
723,17,13,2,2,0,0,0,0,1,21,12,2,0,0
724,29,22,1,19,0,0,0,0,3,55,13,5,1,0
727,2,5,1,0,0,0,0,0,1,5,4,0,0,0
729,5,7,0,3,0,0,0,0,1,13,3,0,0,0
731,16,23,0,5,0,0,0,0,2,33,10,1,2,0
732,27,5,1,1,0,1,0,0,1,13,10,9,4,0
733,1,1,0,0,0,0,0,0,1,1,2,0,0,0
734,19,28,4,7,4,0,0,0,0,32,20,10,0,0
735,5,18,2,1,0,0,0,0,0,15,5,3,3,0
736,11,8,2,0,1,0,0,0,1,13,7,3,0,0
737,17,59,2,10,3,0,0,0,6,72,16,6,2,1
738,0,5,1,0,0,0,0,0,0,5,1,0,0,0
739,23,23,1,2,0,0,0,0,6,35,10,9,1,0
740,64,31,4,5,2,0,0,0,3,64,27,12,6,0
741,10,28,1,2,1,0,0,0,0,28,7,6,1,0
743,1,7,0,0,0,0,0,0,2,3,4,3,0,0
744,18,2,1,1,1,2,0,0,0,8,10,5,1,1
745,1,3,0,0,0,0,0,0,2,6,0,0,0,0
746,7,56,2,3,1,0,0,0,2,54,11,5,0,1
747,12,19,2,1,1,0,0,0,2,21,11,4,1,0
748,19,20,6,2,0,0,0,0,1,24,11,12,1,0
749,18,30,6,2,2,1,0,0,5,34,14,13,3,0
750,2,2,0,0,0,0,0,0,1,2,2,1,0,0
751,13,4,1,1,1,0,0,0,2,8,6,7,0,1
752,13,14,3,2,1,0,0,0,6,24,7,8,0,0
753,9,16,1,0,0,0,0,0,0,16,6,2,2,0
754,8,12,0,3,0,0,0,0,4,20,3,4,0,0
755,14,11,3,3,0,0,0,0,5,13,14,9,0,0
756,5,0,0,1,0,0,0,0,2,2,2,4,0,0
757,2,0,0,0,0,0,0,0,3,1,1,3,0,0
758,23,25,3,0,0,0,0,0,4,27,16,7,4,1
759,10,11,2,1,0,0,0,0,3,17,7,3,0,0
760,9,9,1,0,0,0,0,0,3,9,9,4,0,0
761,4,14,0,3,0,0,0,0,2,11,8,4,0,0
762,65,18,2,0,3,0,0,0,2,50,24,16,0,0
763,9,50,0,2,1,0,0,0,0,37,15,5,5,0
766,4,13,2,0,1,0,0,0,1,13,6,2,0,0
767,2,4,0,0,1,0,0,0,1,4,2,1,1,0
768,3,17,1,4,1,0,0,0,2,25,3,0,0,0
769,7,0,0,0,1,0,0,0,1,3,2,4,0,0
770,8,6,1,0,0,0,0,0,3,9,4,5,0,0
771,28,4,5,3,0,0,0,0,0,21,9,8,2,0
772,8,4,1,1,0,0,0,0,2,9,4,3,0,0
773,21,25,3,11,1,0,0,0,4,44,12,9,0,0
774,2,1,0,1,0,0,0,0,4,4,1,2,1,0
775,13,27,2,3,1,0,0,0,3,34,13,2,0,0
776,9,5,3,1,0,0,0,0,3,12,5,3,0,1
777,9,43,1,9,1,0,0,0,3,51,14,1,0,0
778,29,30,3,10,1,0,0,0,7,55,16,9,0,0
779,40,57,7,5,5,0,0,0,1,77,31,5,2,0
781,19,15,0,4,0,0,0,0,1,28,10,1,0,0
782,2,0,0,0,0,0,0,0,0,0,0,2,0,0
783,12,8,1,0,1,1,0,0,2,12,9,4,0,0
784,1,0,0,0,0,0,0,0,1,2,0,0,0,0
785,13,7,2,0,0,1,0,0,0,17,5,1,0,0
786,8,1,0,0,0,0,0,0,0,4,2,3,0,0
787,9,5,2,0,0,0,0,0,0,9,4,3,0,0
788,17,21,1,3,1,0,0,0,1,27,10,7,0,0
789,20,7,2,4,0,0,0,0,1,24,6,4,0,0
790,7,4,2,1,0,0,0,0,1,10,2,3,0,0
793,7,0,0,0,1,0,0,0,0,5,0,3,0,0
794,2,6,0,0,0,0,0,0,0,5,1,2,0,0
795,1,0,0,0,0,0,0,0,0,0,0,1,0,0
796,1,0,0,0,0,0,0,0,1,2,0,0,0,0
798,0,0,0,0,0,0,0,0,1,0,0,0,1,0
799,0,0,0,0,0,0,0,0,2,1,0,1,0,0
801,2,0,0,0,0,0,0,0,0,1,0,1,0,0
802,1,0,0,0,0,0,0,0,3,3,0,0,1,0
805,1,0,0,0,0,0,0,0,0,1,0,0,0,0
806,6,3,0,0,0,0,0,0,2,6,3,1,1,0
807,2,3,0,1,0,0,0,0,1,5,1,0,1,0
808,0,4,0,0,0,0,0,0,1,3,1,0,1,0
809,3,31,1,4,0,1,0,0,6,31,9,4,1,1
810,2,3,0,1,0,0,0,0,1,5,1,0,1,0
811,7,9,0,1,1,1,0,0,1,15,2,2,1,0
812,0,4,0,0,0,0,0,0,1,3,1,0,1,0
813,3,47,1,6,0,1,0,0,5,45,10,7,0,1
815,13,6,3,1,0,0,0,0,2,16,4,4,1,0
817,3,6,0,1,0,0,0,0,0,5,4,1,0,0
818,2,6,0,0,0,0,0,0,1,6,1,2,0,0
820,1,0,0,0,1,0,0,0,0,1,1,0,0,0
823,0,1,0,0,0,0,0,0,1,1,0,1,0,0
824,20,16,9,1,1,0,0,0,3,32,5,12,1,0
825,1,6,1,1,0,0,0,0,0,6,2,1,0,0
826,45,19,9,2,3,0,0,0,2,45,13,15,6,1
827,19,28,4,8,2,1,0,0,4,43,15,7,1,0
828,16,7,7,0,1,0,0,0,0,14,7,6,4,0
829,5,7,1,1,0,0,0,0,1,9,4,2,0,0
830,2,0,0,0,0,0,0,0,3,3,0,2,0,0
831,15,8,1,11,1,0,0,0,3,34,5,0,0,0
832,4,14,0,1,0,0,0,0,3,18,4,0,0,0
833,2,12,0,6,1,0,0,0,2,21,2,0,0,0
834,8,6,0,1,0,0,0,0,1,11,4,1,0,0
835,33,85,4,11,4,0,1,0,7,112,26,7,0,0
836,9,55,0,2,0,1,0,0,3,55,12,3,0,0
837,6,16,0,1,0,0,0,0,1,13,6,4,1,0
838,2,3,1,0,1,1,0,0,1,7,2,0,0,0
839,14,15,3,0,0,0,0,0,0,17,12,3,0,0
843,0,0,0,0,0,0,0,0,2,1,1,0,0,0
844,4,10,0,0,0,0,0,0,2,12,3,1,0,0
846,3,0,0,0,0,0,0,0,0,1,1,0,1,0
847,10,3,0,1,1,0,0,0,2,8,4,3,2,0
848,4,1,0,0,0,0,0,0,0,4,1,0,0,0
850,9,3,0,1,0,0,0,0,0,9,4,0,0,0
851,3,1,0,0,1,0,0,0,0,3,2,0,0,0
852,5,7,0,1,2,0,0,0,3,9,5,4,0,0
853,3,1,1,0,1,0,0,0,1,5,2,0,0,0
855,0,0,0,0,0,0,0,0,3,1,1,1,0,0
856,0,9,0,0,0,0,0,0,1,8,1,1,0,0
857,6,12,0,1,1,0,0,0,0,16,4,0,0,0
858,5,1,0,0,0,1,0,0,1,7,1,0,0,0
859,1,0,0,0,0,0,0,0,0,1,0,0,0,0
860,10,20,1,0,1,0,0,0,2,22,10,1,1,0
861,2,0,0,0,0,0,0,0,1,2,0,0,1,0
862,4,1,0,0,0,0,0,0,2,6,1,0,0,0
863,11,7,2,0,0,0,0,0,2,13,8,1,0,0
864,2,2,0,1,0,0,0,0,1,4,1,1,0,0
866,2,6,0,1,0,0,1,0,1,8,3,0,0,0
867,3,2,1,1,0,0,0,0,1,6,1,0,1,0
868,9,1,0,0,2,0,0,0,0,7,5,0,0,0
869,3,30,1,4,0,0,0,0,2,33,3,4,0,0
870,0,3,0,4,0,0,0,0,13,14,3,1,2,0
871,5,1,0,0,0,0,0,0,0,3,1,1,1,0
872,8,6,0,3,0,0,1,0,3,12,6,3,0,0
873,8,2,0,1,0,1,0,0,1,9,4,0,0,0
874,5,14,0,1,0,0,0,0,2,19,3,0,0,0
875,0,0,0,0,0,0,0,0,1,1,0,0,0,0
876,9,0,0,1,0,0,0,0,4,8,1,4,1,0
877,2,0,1,1,0,0,0,0,3,4,2,1,0,0
878,2,0,0,0,0,0,0,0,0,2,0,0,0,0
879,0,1,1,0,0,0,0,0,0,2,0,0,0,0
880,1,1,0,0,0,0,0,0,1,3,0,0,0,0
881,0,1,0,0,0,1,0,0,1,3,0,0,0,0
882,1,0,0,0,0,0,0,0,2,2,0,1,0,0
883,1,1,0,0,0,0,0,0,1,1,2,0,0,0
884,9,4,0,0,0,0,0,0,0,7,2,2,1,1
887,23,15,1,1,0,0,1,0,3,32,6,5,1,0
888,2,9,1,0,0,0,0,0,0,8,2,2,0,0
889,3,1,0,0,0,0,0,0,0,2,1,0,1,0
890,22,2,1,1,1,0,0,0,2,17,5,5,2,0
892,23,25,0,5,1,0,0,0,1,44,5,3,1,2
893,17,14,5,1,3,0,0,0,1,21,13,6,1,0
894,22,20,2,6,5,1,0,0,2,41,9,6,2,0
895,23,25,0,5,1,0,0,0,1,44,5,3,1,2
896,0,2,0,0,0,0,0,0,0,2,0,0,0,0
897,9,12,1,1,1,1,0,0,2,23,3,1,0,0
898,18,24,1,4,3,0,0,0,2,44,4,4,0,0
899,19,29,4,9,1,1,0,0,2,39,18,6,1,1
900,14,35,3,4,0,0,0,0,3,40,13,5,1,0
901,1,2,0,1,0,0,0,0,0,3,1,0,0,0
902,20,30,4,9,1,1,0,0,2,41,18,6,1,1
903,30,29,5,15,0,0,0,0,1,67,8,5,0,0
904,12,15,4,1,1,1,0,0,2,25,7,3,1,0
905,8,1,1,0,0,0,0,0,0,9,1,0,0,0
906,5,2,0,0,1,0,0,0,0,3,3,1,1,0
907,1,0,0,0,0,0,0,0,1,1,1,0,0,0
909,11,13,1,1,0,0,0,0,1,20,3,3,1,0
910,0,1,0,0,0,0,0,0,0,1,0,0,0,0
911,12,12,2,1,1,0,0,0,2,17,8,4,1,0
912,22,80,1,11,2,0,0,0,15,88,24,16,3,0
913,42,59,3,9,2,0,0,0,4,76,17,24,1,1
914,42,58,3,9,2,0,0,0,4,76,16,24,1,1
915,3,3,0,1,1,0,0,0,0,4,1,3,0,0
916,5,1,0,1,1,0,0,0,2,8,1,1,0,0
917,6,17,0,1,0,0,0,0,4,19,6,2,1,0
918,6,4,4,3,1,1,0,0,1,14,5,1,0,0
919,0,0,1,0,0,0,0,0,1,0,2,0,0,0
920,5,2,0,0,0,0,0,0,1,5,2,1,0,0
921,3,14,0,1,0,0,0,0,1,11,3,5,0,0
922,0,2,0,0,0,0,0,0,2,4,0,0,0,0
923,22,15,4,5,1,0,0,0,4,34,7,9,0,1
924,10,45,3,5,3,0,0,0,5,46,13,11,1,0
925,14,21,2,3,1,0,0,0,8,32,12,4,1,0
926,14,3,0,1,1,0,0,0,2,11,7,3,0,0
927,41,22,4,2,2,0,0,0,2,40,18,13,1,1
928,30,27,1,2,1,1,0,0,1,34,15,14,0,0
929,22,64,0,12,1,0,0,0,5,68,14,17,4,1
930,8,15,1,0,0,0,0,0,1,17,1,5,2,0
931,61,55,3,5,2,0,0,0,6,85,20,26,1,0
932,61,55,3,4,2,0,0,0,6,83,20,27,1,0
933,5,3,0,1,0,0,0,0,5,13,1,0,0,0
934,35,67,7,8,1,1,0,0,6,93,25,6,1,0
935,8,18,0,2,0,0,0,0,0,21,6,0,1,0
936,56,59,0,20,0,0,0,0,4,101,31,7,0,0
937,3,4,0,1,0,0,0,0,0,5,2,1,0,0
938,9,47,0,4,0,0,0,0,4,46,15,3,0,0
939,62,67,6,15,2,0,0,0,2,109,28,14,1,2
941,23,24,2,0,0,0,0,0,2,38,9,4,0,0
942,4,1,1,2,1,0,0,0,0,8,0,1,0,0
943,4,0,0,0,0,0,0,0,0,4,0,0,0,0
944,3,3,0,0,0,0,0,0,0,2,2,1,1,0
945,1,1,0,0,0,0,0,0,1,1,2,0,0,0
946,0,0,0,2,0,0,0,0,0,2,0,0,0,0
947,5,4,2,1,1,0,0,0,0,9,3,0,1,0
948,11,15,1,6,0,0,0,0,2,27,5,2,1,0
949,34,23,1,3,2,0,0,0,2,50,8,7,0,0
950,33,22,1,4,2,0,0,0,2,49,8,7,0,0
951,12,6,3,0,0,0,0,0,1,13,4,2,3,0
952,13,6,2,2,0,1,0,0,4,18,4,6,0,0
953,19,14,2,4,1,0,0,0,6,30,9,7,0,0
954,49,28,0,3,1,1,0,0,2,42,19,18,4,1
955,50,27,0,3,1,1,0,0,2,43,18,18,4,1
956,14,17,2,3,1,0,0,0,2,29,7,1,1,1
957,28,43,1,5,3,0,0,1,2,64,14,4,1,0
958,23,103,1,24,0,0,0,0,0,128,18,4,1,0
959,27,94,4,19,1,0,0,0,8,125,22,5,1,0
960,15,15,0,1,1,0,0,0,0,23,5,2,2,0
961,4,3,0,2,0,1,0,0,4,7,3,3,1,0
962,30,16,6,3,3,0,0,0,5,38,17,7,1,0
963,14,36,3,1,1,1,0,0,4,36,17,5,2,0
964,25,65,3,7,0,0,0,0,5,76,25,3,1,0
965,7,14,1,2,0,0,0,0,4,14,8,6,0,0
966,17,22,0,2,0,1,0,0,1,33,9,1,0,0
967,8,5,1,0,0,0,0,0,1,12,3,0,0,0
968,27,8,1,3,0,1,1,0,5,28,8,8,2,0
969,43,56,2,15,0,0,0,0,1,93,22,1,1,0
970,33,21,0,3,1,1,0,0,0,32,21,6,0,0
971,55,94,1,25,0,1,0,0,4,136,30,8,6,0
972,4,6,0,0,0,0,0,0,1,7,1,2,1,0
973,4,6,0,0,0,0,0,0,1,7,1,2,1,0
974,17,17,1,2,0,0,0,0,5,25,10,5,1,1
975,14,18,0,3,0,0,0,1,0,23,8,5,0,0
976,17,7,1,1,2,0,0,0,1,20,5,4,0,0
977,1,0,0,0,0,0,0,0,0,1,0,0,0,0
978,0,5,0,1,0,0,0,0,0,2,3,1,0,0
979,9,17,3,1,1,0,0,0,0,22,4,4,1,0
980,4,4,0,0,0,0,0,0,0,5,1,1,1,0
981,16,8,0,1,0,0,0,0,5,13,7,7,3,0
982,4,4,0,0,0,0,0,0,0,5,1,1,1,0
983,19,5,1,0,0,0,0,0,2,12,7,8,0,0
984,44,64,2,16,4,0,0,0,11,100,26,12,3,0
985,10,2,0,0,0,0,0,0,1,8,3,2,0,0
986,4,21,1,3,0,0,0,0,0,20,5,4,0,0
987,41,27,7,3,1,0,0,0,6,43,14,23,5,0
988,31,58,1,10,2,0,0,0,6,71,25,10,2,0
989,15,15,0,0,1,0,0,0,1,20,9,3,0,0
990,43,55,7,14,1,1,0,1,1,82,33,8,0,0
991,6,47,2,1,0,1,0,0,2,42,14,2,1,0
992,4,10,0,1,0,0,0,0,1,12,3,1,0,0
993,32,30,5,5,2,0,0,0,5,55,16,8,0,0
994,12,26,1,4,0,0,0,0,2,27,15,1,1,1
995,8,8,0,1,0,0,0,0,2,10,4,4,1,0
996,17,31,2,4,0,0,0,0,4,41,11,4,1,1
997,20,111,2,12,0,1,0,0,3,103,36,6,4,0
1000,26,63,1,10,0,0,0,0,4,72,19,13,0,0
1001,13,8,1,1,0,0,0,0,2,17,5,3,0,0
1002,18,11,3,0,0,0,0,0,3,26,8,1,0,0
1003,25,8,1,0,0,0,0,0,0,23,5,5,1,0
1004,14,15,1,1,0,1,0,0,2,23,6,5,0,0
1005,1,0,0,0,0,1,0,0,1,3,0,0,0,0
1006,28,9,2,2,0,0,0,0,1,24,4,11,3,0
1007,5,10,0,0,0,0,0,0,1,9,5,2,0,0
1008,5,5,1,0,0,0,0,0,3,7,1,6,0,0
1009,25,15,1,0,0,1,0,0,1,13,7,11,12,0
1010,25,15,1,0,0,1,0,0,1,13,7,11,12,0
1011,3,52,0,2,0,0,0,0,8,46,11,8,0,0
1012,8,22,1,5,1,0,0,0,1,19,6,12,1,0
1013,5,1,0,1,0,0,0,0,5,7,3,0,2,0
1015,3,0,2,1,0,0,0,0,0,5,1,0,0,0
1016,9,7,4,0,2,0,0,0,4,15,7,3,0,1
1017,20,12,1,2,1,0,0,0,10,24,11,8,3,0
1018,37,29,5,4,1,1,0,0,2,47,21,11,0,0
1020,12,10,0,2,0,0,0,0,0,16,8,0,0,0
1021,13,34,4,3,0,0,0,0,1,33,14,5,2,1
1022,7,0,0,2,2,0,0,0,0,7,2,2,0,0
1023,1,2,1,0,0,0,0,0,2,5,1,0,0,0
1024,2,3,1,1,0,0,0,0,1,4,0,4,0,0
1025,32,29,3,1,2,0,0,0,4,38,18,13,2,0
1026,0,4,0,0,0,0,0,0,0,2,1,1,0,0
1027,5,17,0,0,0,0,1,0,1,12,7,5,0,0
1028,16,36,1,6,2,1,0,0,3,53,8,2,2,0
1029,11,0,2,0,0,0,0,0,0,7,3,3,0,0
1030,53,29,5,4,2,1,0,0,6,60,18,18,4,0
1031,19,26,0,0,0,0,0,0,3,31,11,5,1,0
1032,26,22,2,11,0,0,0,0,5,42,10,12,2,0
1034,0,6,0,0,0,0,0,0,1,4,1,1,0,1
1035,4,0,0,1,1,0,0,0,3,4,2,3,0,0
1036,5,6,0,0,0,0,0,0,1,8,3,1,0,0
1037,32,39,4,3,0,0,0,0,6,51,15,13,5,0
1038,21,72,2,6,2,1,1,0,8,74,23,13,3,0
1039,28,77,0,16,0,1,0,0,3,81,26,13,5,0
1040,18,12,1,1,0,0,0,0,3,20,9,4,2,0
1041,36,93,3,25,1,2,0,0,12,123,26,20,3,0
1042,69,50,4,9,2,2,0,0,1,88,27,20,2,0
1043,39,83,2,22,0,0,0,0,6,109,30,12,1,0
1044,47,34,3,6,1,0,0,0,3,45,36,9,4,0
1046,16,18,1,0,0,0,0,0,2,21,7,6,3,0
1047,21,19,2,3,0,0,0,0,3,20,8,16,4,0
1048,18,22,2,2,0,0,0,0,2,27,11,5,2,1
1049,23,22,2,1,0,0,0,0,2,26,12,10,1,1
1050,13,63,0,6,0,1,0,0,3,55,20,10,1,0
1051,3,12,0,0,2,0,0,0,2,15,3,1,0,0
1052,34,28,0,4,0,0,0,0,4,39,15,12,4,0
1053,0,31,0,2,0,0,0,0,3,29,4,3,0,0
1055,20,12,0,0,2,0,0,0,3,19,8,8,2,0
1056,12,3,0,1,1,0,0,0,3,10,4,4,2,0
1058,45,13,0,8,0,1,0,0,9,34,12,17,12,1
1059,32,19,0,9,0,1,0,0,10,39,8,14,9,1
1060,15,17,0,4,0,0,0,0,1,28,5,3,1,0
1061,15,12,0,3,0,0,0,0,0,15,10,4,1,0
1062,17,7,0,3,1,0,0,0,2,17,8,4,1,0
1063,14,17,3,1,1,0,0,0,5,21,9,10,1,0
1064,2,3,0,0,0,0,0,0,0,5,0,0,0,0
1065,4,7,2,1,1,0,0,0,0,13,1,1,0,0
1066,13,11,0,3,0,0,0,0,3,16,7,3,3,1
1067,5,0,1,1,0,0,0,0,2,3,2,4,0,0
1068,5,2,3,1,0,0,0,0,0,9,1,1,0,0
1069,2,4,0,2,0,0,0,0,1,6,0,3,0,0
1070,4,1,0,2,1,0,0,0,0,7,1,0,0,0
1071,19,28,3,5,1,1,0,0,2,36,10,12,1,0
1072,7,1,0,1,1,0,0,0,2,6,3,3,0,0
1073,13,14,2,1,0,0,0,0,4,20,8,6,0,0
1074,26,10,1,1,0,0,0,0,4,24,9,7,2,0
1075,0,0,0,1,0,0,0,0,0,1,0,0,0,0
1076,1,1,0,1,0,0,0,0,1,3,0,1,0,0
1077,9,17,0,3,0,1,0,0,5,22,9,4,0,0
1078,2,2,0,0,0,0,0,0,1,3,1,0,1,0
1081,8,6,1,0,1,0,0,0,3,11,5,3,0,0
1082,44,21,4,7,1,0,0,0,10,50,16,18,3,0
1083,7,18,0,12,2,1,0,0,6,33,8,5,0,0
1084,26,23,0,0,0,0,0,0,3,31,8,10,3,0
1085,22,86,0,30,0,1,0,0,8,94,34,16,3,0
1086,36,27,2,1,1,0,0,0,4,40,14,10,6,1
1087,15,27,0,0,0,0,0,0,2,23,10,9,2,0
1088,69,28,0,2,0,0,0,0,7,48,27,22,9,0
1089,7,21,0,2,1,0,0,0,3,18,10,5,1,0
1090,52,44,2,3,1,0,0,0,8,43,28,31,8,0
1091,52,44,2,4,1,0,0,0,8,43,28,32,8,0
1092,11,7,0,1,0,0,0,0,0,9,3,4,3,0
1093,34,17,0,7,1,0,0,0,2,48,9,4,0,0
1096,0,0,0,0,0,0,0,0,1,1,0,0,0,0
1097,11,11,0,1,1,0,0,0,3,18,3,5,1,0
1098,21,6,1,2,3,0,0,0,4,18,7,10,1,1
1099,3,0,0,0,0,0,0,0,4,4,1,2,0,0
1100,0,1,0,0,1,0,0,0,0,1,1,0,0,0
1101,6,22,1,4,2,0,0,0,0,30,5,0,0,0
1102,0,1,0,0,0,0,0,0,1,2,0,0,0,0
1103,19,14,2,2,1,0,0,0,2,29,7,4,0,0
1104,14,68,0,3,2,0,0,0,4,60,23,6,2,0
1105,32,29,1,10,1,0,1,0,3,56,16,4,1,0
1106,15,77,2,16,1,2,0,1,12,87,24,12,3,0
1107,43,72,7,13,3,1,0,0,8,102,34,10,1,0
1108,31,19,6,10,4,0,0,0,6,47,12,15,2,0
1109,69,57,4,12,8,0,0,0,14,106,30,22,5,1
1110,1,0,0,0,0,0,0,0,0,0,0,1,0,0
1111,1,3,0,2,1,0,0,0,2,8,1,0,0,0
1112,0,2,0,1,0,0,0,0,0,3,0,0,0,0
1113,10,12,0,1,0,0,0,0,2,18,5,2,0,0
1115,43,22,1,5,2,0,0,0,6,51,11,16,1,0
1116,4,51,0,10,0,0,0,0,6,50,13,7,1,0
1118,33,106,1,13,0,2,0,0,5,104,28,20,8,0
1120,18,35,4,3,2,0,0,0,7,43,11,12,2,1
1121,11,20,0,1,0,0,0,0,2,27,5,2,0,0
1122,3,1,0,1,0,0,0,0,0,4,1,0,0,0
1123,6,9,1,1,1,0,0,0,1,14,2,3,0,0
1126,41,33,6,6,2,0,0,0,3,52,23,13,3,0
1127,18,104,4,14,0,1,0,0,5,110,27,7,2,0
1128,18,26,1,3,4,0,0,0,0,37,7,7,1,0
1129,16,4,2,2,0,0,0,0,4,16,7,5,0,0
1130,0,0,0,0,0,1,0,0,0,1,0,0,0,0
1131,12,16,1,5,0,1,0,0,0,25,8,1,1,0
1132,4,3,1,0,0,0,0,0,1,9,0,0,0,0
1134,0,0,0,0,0,0,0,0,2,1,0,1,0,0
1135,0,5,0,1,0,0,0,0,0,5,1,0,0,0
1136,2,0,0,2,0,0,0,0,0,3,1,0,0,0
1137,15,18,2,6,0,0,0,0,1,29,10,3,0,0
1138,20,26,6,5,4,1,0,0,3,48,11,6,0,0
1139,29,81,3,19,1,0,0,0,9,107,21,14,0,0
1140,135,170,3,29,4,2,0,0,9,235,79,30,8,0
1141,51,33,6,5,0,0,0,0,5,63,18,16,2,1
1142,27,17,1,4,1,0,0,0,7,28,9,13,6,1
1143,27,16,1,4,1,0,0,0,3,24,9,12,6,1
1144,1,1,0,1,0,0,0,0,0,3,0,0,0,0
1145,20,13,1,5,0,0,0,0,1,26,7,7,0,0
1146,1,1,0,0,0,0,0,0,0,2,0,0,0,0
1147,1,7,0,0,0,0,0,0,0,5,1,2,0,0
1148,20,17,8,2,2,0,0,0,3,32,11,8,1,0
1149,53,44,10,10,3,1,0,0,4,96,17,9,3,0
1150,1,11,0,6,1,1,0,0,2,20,0,1,1,0
1151,0,5,0,0,0,0,0,0,0,4,1,0,0,0
1152,1,9,0,4,1,0,0,0,0,13,1,1,0,0
1153,1,4,0,0,0,0,0,0,0,1,4,0,0,0
1154,13,1,0,1,1,1,1,0,2,15,4,0,1,0
1155,25,3,4,4,2,0,0,0,5,19,12,10,2,0
1156,11,27,0,5,0,3,0,0,6,37,10,5,0,0
1157,21,23,2,7,5,0,0,0,5,46,15,2,0,0
1158,39,44,2,14,3,0,0,0,11,76,26,11,0,0
1159,1,16,1,3,0,0,0,0,3,20,3,1,0,0
1160,32,59,5,18,0,0,0,0,3,93,16,8,0,0
1161,12,20,2,0,2,1,0,0,4,27,4,10,0,0
1162,5,22,0,3,0,0,0,0,1,23,5,1,2,0
1163,21,23,5,1,0,0,0,0,1,24,16,7,3,1
1164,11,11,1,3,0,1,0,0,3,17,8,4,1,0
1165,17,12,1,3,2,0,0,1,5,28,9,3,1,0
1166,1,4,0,0,0,0,0,0,0,4,1,0,0,0
1167,45,20,5,7,1,0,0,0,5,48,24,10,1,0
1168,3,0,0,0,0,0,0,0,0,1,0,1,1,0
1169,66,121,2,39,8,0,0,0,9,181,47,9,7,1
1170,1,9,0,1,0,0,0,0,1,9,3,0,0,0
1171,43,26,2,4,2,0,0,0,6,46,21,16,0,0
1172,19,8,3,3,1,0,0,0,3,21,9,6,1,0
1173,4,4,1,0,0,0,0,0,2,7,1,3,0,0
1174,74,37,9,5,3,1,1,0,8,89,29,18,1,1
1175,13,6,0,3,0,0,0,0,1,14,5,4,0,0
1176,64,42,8,12,5,1,0,0,7,93,26,19,1,0
1177,29,23,6,11,2,0,0,0,2,49,10,12,2,0
1178,48,24,2,3,0,1,0,0,9,53,21,9,4,0
1179,14,22,1,7,1,0,0,0,3,27,12,6,2,1
1180,58,136,6,30,1,0,1,1,16,185,46,14,4,0
1181,37,16,7,5,1,0,0,0,2,43,13,11,1,0
1182,48,56,4,11,6,0,0,0,7,89,26,12,4,1
1183,56,63,12,12,2,0,1,0,6,99,34,12,6,1
1184,7,4,1,3,0,1,0,0,5,17,2,2,0,0
1185,10,17,4,9,1,0,1,0,2,34,5,4,1,0
1186,3,3,0,1,0,1,0,0,4,8,3,1,0,0
1187,11,6,2,1,0,0,0,0,0,12,7,0,1,0
1188,13,6,2,3,1,0,0,0,1,12,7,7,0,0
1189,21,24,2,6,1,0,0,0,3,42,10,5,0,0
1190,13,10,1,7,0,0,0,0,10,26,10,3,2,0
1191,57,81,3,15,3,2,0,0,4,123,31,10,1,0
1192,4,1,1,0,1,0,0,0,1,6,2,0,0,0
1193,1,7,0,1,0,0,0,0,2,8,2,1,0,0
1194,7,9,3,2,0,1,0,0,1,11,4,6,1,1
1195,31,55,3,15,4,0,0,0,8,79,24,13,0,0
1196,22,124,1,24,1,2,0,0,8,145,30,7,0,0
1197,13,7,1,2,3,0,0,0,1,16,7,4,0,0
1198,5,8,0,0,0,0,0,0,1,12,0,2,0,0
1199,26,50,2,4,0,2,0,0,6,57,22,9,2,0
1200,1,0,0,0,0,0,0,0,2,2,0,1,0,0
1201,8,14,0,4,1,0,0,0,1,21,3,3,1,0
1202,27,20,2,1,2,0,0,0,2,37,13,3,1,0
1203,2,2,0,1,0,1,0,0,1,6,0,1,0,0
1204,4,8,1,3,0,0,0,0,0,9,3,3,1,0
1205,24,23,2,2,0,0,0,0,4,37,10,7,1,0
1206,10,13,0,0,3,0,0,0,4,21,5,2,2,0
1207,15,22,3,7,1,2,0,0,3,40,7,5,1,0
1208,37,31,5,7,3,1,0,0,4,60,14,13,1,0
1209,10,7,0,1,1,0,0,0,2,15,4,2,0,0
1210,6,23,1,0,0,0,0,0,2,25,6,1,0,0
1211,38,70,3,12,1,0,0,0,2,86,27,13,0,0
1212,5,12,1,2,0,1,0,0,1,13,4,5,0,0
1213,13,42,1,8,0,0,0,0,1,51,7,6,1,0
1214,8,19,3,0,1,0,0,0,4,18,9,7,1,0
1215,0,3,0,0,0,0,0,0,3,6,0,0,0,0
1216,1,20,0,2,0,0,0,0,0,12,8,3,0,0
1217,53,33,8,6,2,0,0,0,4,80,16,10,0,0
1218,35,89,2,28,1,2,0,0,22,123,31,23,1,1
1219,59,50,1,16,1,0,0,0,7,78,33,17,6,0
1220,47,111,3,17,2,1,0,0,10,136,37,16,2,0
1221,42,41,7,4,1,1,0,0,5,58,29,10,3,1
1222,2,14,0,2,0,0,0,0,2,15,2,2,1,0
1223,24,12,4,4,0,0,0,0,9,29,9,14,1,0
1224,3,6,0,0,0,0,0,0,1,6,2,1,1,0
1226,27,28,2,2,3,0,1,0,3,36,14,10,5,1
1227,4,3,1,0,0,0,0,0,3,7,1,3,0,0
1228,4,14,1,0,1,0,0,0,3,17,3,2,1,0
1229,8,5,1,0,0,0,0,0,2,11,2,3,0,0
1230,21,17,2,0,0,0,0,0,5,29,5,11,0,0
1232,3,2,0,0,0,0,0,0,0,3,2,0,0,0
1233,30,22,2,3,3,0,0,0,7,39,15,10,3,0
1234,19,33,4,4,0,0,0,0,3,42,14,6,1,0
1235,3,19,0,1,0,1,0,0,0,16,7,1,0,0
1236,49,57,6,12,4,0,0,0,10,97,23,17,1,0
1237,14,18,0,3,2,0,0,0,4,24,14,3,0,0
1238,42,76,2,15,3,0,0,0,1,92,36,10,1,0
1239,15,20,0,3,0,0,0,0,3,32,6,3,0,0
1240,11,5,2,4,0,0,0,0,3,16,7,2,0,0
1241,91,131,14,33,7,3,0,0,21,206,62,26,6,0
1242,37,36,1,12,2,0,0,0,6,72,13,9,0,0
1243,1,2,0,1,0,2,0,0,1,2,5,0,0,0
1244,15,9,3,1,1,0,0,0,4,18,9,4,2,0
1245,23,105,4,16,1,3,1,0,3,128,23,4,1,0
1246,56,90,7,14,4,0,0,0,6,134,28,15,0,0
1247,10,5,0,1,0,0,0,0,1,10,3,3,1,0
1248,5,5,0,1,0,0,0,0,2,9,3,1,0,0
1249,3,8,1,0,0,0,0,0,1,9,2,1,1,0
1250,1,9,0,2,0,0,0,0,2,7,4,2,1,0
1251,25,20,4,5,0,0,1,0,9,36,19,6,1,2
1252,7,7,0,3,1,0,0,0,4,18,2,2,0,0
1253,13,7,2,2,0,0,0,0,2,18,4,3,1,0
1254,0,19,1,1,0,0,0,0,3,19,3,2,0,0
1255,3,2,0,2,0,0,0,0,0,3,0,2,2,0
1256,9,3,1,0,0,0,0,0,1,9,2,2,1,0
1257,78,66,9,9,6,2,0,0,26,115,48,30,3,0
1258,65,77,4,14,5,3,0,1,10,127,40,9,3,0
1259,76,58,8,14,6,0,1,0,9,95,50,24,2,1
1260,8,0,0,0,1,0,0,0,2,7,2,1,1,0
1261,2,3,0,0,0,0,0,0,0,2,2,1,0,0
1262,4,34,1,3,1,0,0,0,0,29,5,7,2,0
1263,38,41,4,7,2,0,0,0,8,56,31,11,2,0
1264,73,34,15,9,7,3,0,0,11,85,43,21,2,1
1265,23,15,1,3,0,0,1,0,8,27,17,6,0,1
1266,11,21,1,0,1,0,0,0,6,27,6,5,1,1
1267,2,7,0,1,0,1,0,0,1,5,6,1,0,0
1268,14,21,1,0,1,0,0,0,2,23,7,8,1,0
1270,50,45,3,7,2,0,0,0,9,61,32,20,2,1
1271,195,92,24,13,16,1,0,0,11,216,96,35,5,0
1272,14,24,0,9,0,0,0,0,9,36,13,6,1,0
1273,26,39,2,11,5,1,1,0,5,54,32,3,0,1
1274,40,56,3,17,3,0,0,0,15,88,34,11,1,0
1275,2,8,0,2,0,0,0,0,1,7,2,4,0,0
1276,26,44,6,8,3,1,0,0,9,60,24,12,1,0
1277,25,35,3,10,2,1,0,0,16,65,19,5,3,0
1278,16,29,1,7,0,1,0,0,5,46,9,3,1,0
1279,38,47,4,10,1,1,1,0,17,63,36,20,0,0
1280,73,82,7,14,3,1,1,0,10,116,46,26,2,1
1281,10,20,2,1,0,0,0,0,7,22,15,2,1,0
1282,38,25,4,1,1,1,0,0,6,40,20,14,2,0
1283,28,17,7,4,1,3,1,0,4,37,17,7,3,1
1284,12,9,0,2,0,0,0,0,3,14,9,3,0,0
1285,67,77,21,16,7,0,0,0,10,126,50,22,0,0
1286,5,2,1,1,0,0,0,0,3,8,3,1,0,0
1287,19,24,5,4,0,1,0,0,6,43,12,4,0,0
1288,24,18,4,4,4,0,0,0,5,32,22,4,1,0
1289,0,1,0,0,0,0,0,0,1,1,1,0,0,0
1290,32,32,3,1,1,0,0,0,5,53,11,7,3,0
1291,32,10,6,2,1,0,0,0,8,22,26,9,2,0
1292,50,43,3,6,2,0,0,0,8,58,31,20,2,1
1293,14,6,0,1,1,0,0,0,1,18,3,2,0,0
1294,16,12,3,2,1,1,0,0,2,32,4,1,0,0
1295,5,7,0,2,0,0,0,0,2,11,3,2,0,0
1296,9,4,0,1,0,0,0,0,2,14,2,0,0,0
1298,30,26,5,4,0,0,0,0,2,46,16,4,1,0
1299,9,2,1,3,0,1,0,0,2,10,5,2,1,0
1300,42,22,5,7,1,0,1,1,6,44,21,16,2,2
1301,4,1,1,0,0,0,0,0,0,5,1,0,0,0
1303,41,26,6,3,2,0,0,0,5,58,16,7,1,1
1304,56,10,5,1,3,0,0,1,4,58,14,7,1,0
1305,25,13,2,4,2,0,0,0,7,32,11,10,0,0
1306,38,24,4,7,2,0,0,0,9,57,19,5,3,0
1307,44,21,5,6,5,0,0,0,12,50,20,14,8,1
1308,24,8,2,1,1,1,0,0,2,21,10,7,1,0
1309,53,43,8,18,7,0,0,0,11,96,27,14,2,1
1310,22,9,0,3,1,0,0,0,7,26,12,4,0,0
1311,16,17,0,1,2,0,0,0,6,24,15,3,0,0
1312,29,19,4,4,2,0,2,0,9,48,15,6,0,0
1313,17,14,1,3,0,0,0,0,6,22,13,5,1,0
1314,70,45,10,13,7,0,0,0,9,86,44,20,4,0
1315,32,23,7,6,2,0,1,0,10,54,20,7,0,0
1316,28,22,4,5,0,0,0,0,2,43,14,4,0,0
1317,27,45,3,6,1,1,0,0,9,59,20,12,1,0
1318,0,1,0,0,0,0,0,0,0,1,0,0,0,0
1320,2,1,0,0,0,0,0,0,2,3,0,2,0,0
1321,43,22,5,9,2,0,0,0,3,53,19,11,0,1
1322,24,64,3,4,1,1,0,0,6,75,25,3,0,0
1323,59,49,2,3,4,0,0,0,9,80,26,19,1,0
1324,17,19,2,0,1,0,0,0,2,19,15,4,3,0
1325,0,1,0,0,0,0,0,0,0,0,0,1,0,0
1326,5,23,1,0,1,0,0,0,2,20,3,6,3,0
1328,20,20,3,4,0,2,0,1,5,33,14,4,3,1
1329,46,32,9,7,4,0,0,0,2,59,33,6,2,0
1330,13,31,1,4,1,1,0,0,1,39,13,0,0,0
1332,14,16,2,3,2,0,0,0,2,11,18,8,1,1
1333,24,11,0,6,2,0,0,0,5,29,8,11,0,0
1334,24,9,1,5,2,0,0,0,4,25,11,9,0,0
1335,0,0,0,0,0,0,0,0,1,1,0,0,0,0
1336,13,21,2,7,0,0,0,0,3,37,8,1,0,0
1337,9,21,0,4,2,0,0,0,3,27,9,3,0,0
1338,7,21,0,4,1,0,0,0,2,24,9,1,1,0
1339,4,3,0,2,1,0,0,0,0,9,1,0,0,0
1340,30,51,1,3,2,0,0,0,3,69,8,12,1,0
1341,14,63,2,8,0,0,0,0,4,56,24,10,1,0
1342,12,31,0,5,1,0,0,0,2,32,9,10,0,0
1343,8,0,1,1,3,0,0,0,5,9,4,2,2,1
1344,26,16,6,8,3,0,0,0,8,39,16,11,1,0
1345,9,14,1,0,1,1,0,0,0,6,16,3,1,0
1348,3,2,0,2,0,0,0,0,1,7,1,0,0,0
1349,44,66,2,8,0,0,0,0,1,92,12,11,6,0
1350,52,82,1,5,5,0,0,0,0,95,31,15,3,1
1352,10,16,3,6,0,0,0,0,7,27,8,6,1,0
1353,4,2,1,1,0,0,0,0,0,3,2,2,1,0
1354,26,27,1,2,0,0,0,0,7,26,23,14,0,0
1355,6,38,3,6,0,0,0,0,0,38,8,5,2,0
1356,44,16,3,4,4,0,0,0,8,45,17,13,4,0
1357,17,5,2,1,0,0,0,0,4,8,11,9,1,0
1358,9,2,1,0,1,0,0,0,2,8,5,2,0,0
1359,13,19,0,5,2,0,0,0,2,18,9,12,2,0
1360,12,10,2,4,0,1,0,0,5,24,6,2,2,0
1361,22,25,6,5,3,0,0,0,5,39,18,7,2,0
1362,3,3,2,4,0,0,0,0,2,11,1,1,1,0
1363,20,11,1,11,2,0,0,0,2,23,12,9,2,1
1364,13,18,1,3,1,0,0,0,2,22,9,6,1,0
1365,3,26,1,3,0,0,1,0,2,26,6,2,2,0
1366,8,10,0,5,0,0,0,0,4,20,4,3,0,0
1367,0,4,0,0,0,1,0,0,3,5,1,2,0,0
1369,2,9,0,1,1,0,0,0,3,12,4,0,0,0
1370,19,53,1,11,1,0,0,0,0,67,12,4,1,1
1371,2,8,1,0,0,0,0,0,0,4,5,2,0,0
1372,26,13,1,0,1,1,0,0,2,16,10,17,1,0
1373,28,6,1,2,1,2,0,0,7,20,15,12,0,0
1374,36,13,1,3,1,0,0,0,6,27,22,11,0,0
1375,0,3,1,0,0,0,0,0,0,0,0,3,1,0
1376,1,1,0,0,0,0,0,0,2,3,0,0,1,0
1377,4,4,1,2,0,1,0,0,9,7,8,3,3,0
1378,3,7,0,0,1,0,0,0,0,7,2,2,0,0
1379,7,8,1,2,1,0,0,0,2,11,6,4,0,0
1380,31,15,6,3,2,1,0,0,3,36,10,14,1,0
1381,12,9,1,1,0,1,0,0,2,11,12,2,1,0
1382,4,8,0,1,0,0,0,0,1,5,4,4,1,0
1383,19,11,3,1,0,0,0,0,4,20,9,9,0,0
1384,26,11,1,2,2,0,0,0,2,12,22,8,2,0
1385,8,20,0,6,1,0,1,0,1,26,5,4,0,2
1386,2,5,0,0,0,0,0,0,2,3,3,2,1,0
1387,36,7,4,2,1,0,0,0,5,21,17,15,2,0
1388,18,8,2,1,0,1,0,0,4,15,7,10,2,0
1389,23,6,1,1,0,0,0,0,2,12,11,9,1,0
1390,1,0,0,0,0,0,0,0,1,1,1,0,0,0
1391,26,20,3,2,0,0,0,0,5,25,14,17,0,0
1392,19,7,6,1,0,0,0,0,6,17,10,11,1,0
1393,22,10,2,0,0,3,0,0,5,16,13,9,4,0
1394,20,8,3,1,1,0,0,0,6,11,13,14,1,0
1395,12,10,1,1,1,1,0,0,2,15,6,7,0,0
1396,3,3,0,2,1,0,0,0,3,5,5,2,0,0
1397,8,4,0,1,0,0,0,0,3,9,3,3,1,0
1398,9,9,1,4,0,0,0,0,3,12,9,5,0,0
1399,4,6,0,0,2,0,0,0,0,8,1,2,1,0
1400,17,7,3,2,0,0,0,0,5,15,12,7,0,0
1401,10,11,0,1,1,1,0,0,4,14,5,8,1,0
1402,3,4,0,1,0,0,0,0,9,9,6,2,0,0
1403,18,6,2,5,1,1,0,0,4,21,11,4,1,0
1404,7,8,0,0,0,0,0,0,4,12,4,2,1,0
1405,22,6,0,6,1,1,0,0,3,23,10,6,0,0
1406,11,5,0,5,0,2,0,0,0,12,4,7,0,0
1407,14,31,0,3,0,0,0,0,7,31,15,9,0,0
1408,0,2,1,0,0,0,0,0,0,3,0,0,0,0
1409,5,9,1,3,0,1,0,0,1,10,6,3,1,0
1410,6,4,0,0,0,1,0,0,5,6,4,5,1,0
1411,21,5,1,2,0,0,0,0,1,11,10,8,1,0
1412,14,19,1,5,0,1,0,0,7,21,14,11,1,0
1413,1,4,0,1,0,1,0,0,8,9,5,1,0,0
1414,19,3,2,3,2,0,0,0,2,13,11,6,1,0
1415,9,3,1,7,1,0,0,0,3,14,3,6,1,0
1416,28,10,2,7,1,0,1,0,3,21,15,16,0,0
1417,22,11,1,2,1,0,0,0,4,22,10,7,2,0
1418,15,4,0,0,0,0,0,0,2,8,5,6,1,1
1419,11,5,1,1,0,0,0,0,2,8,3,8,1,0
1420,2,0,0,1,0,0,0,0,1,3,0,1,0,0
1421,0,3,0,0,0,1,0,0,5,6,1,2,0,0
1422,0,0,0,0,0,0,0,0,2,1,0,1,0,0
1423,2,0,0,0,0,1,0,0,4,5,2,0,0,0
1424,1,3,0,0,0,0,0,0,1,2,2,1,0,0
1425,0,1,0,0,0,0,0,0,2,2,1,0,0,0
1426,13,6,1,1,0,0,0,0,4,10,11,4,0,0
1427,3,1,1,0,0,0,0,0,1,5,0,0,1,0
1428,7,1,0,0,1,0,1,0,6,5,4,6,1,0
1429,10,10,0,2,0,0,0,0,6,13,8,7,0,0
1430,10,8,0,2,0,0,0,0,3,9,10,4,0,0
1431,7,2,0,0,0,0,0,0,2,3,7,1,0,0
1432,4,6,0,1,0,0,0,0,5,9,3,4,0,0
1433,6,8,0,0,0,0,0,0,3,11,4,2,0,0
1434,18,15,2,2,0,0,0,0,12,23,16,10,0,0
1435,28,3,4,1,1,0,0,0,4,17,17,7,0,0
1436,3,11,0,1,1,0,0,0,10,15,5,5,1,0
1437,13,3,0,0,1,0,0,0,9,5,8,12,1,0
1438,38,9,1,2,1,1,0,0,10,29,20,12,1,0
1439,14,14,2,4,1,0,0,0,7,15,11,14,2,0
1440,2,9,0,1,0,0,0,0,3,9,5,1,0,0
1441,5,5,0,1,0,0,0,0,5,3,8,5,0,0
1442,5,1,0,0,1,0,0,0,2,2,6,1,0,0
1443,0,1,0,0,0,0,0,0,1,1,0,1,0,0
1444,11,10,5,0,0,1,0,0,6,13,11,7,2,0
1445,12,6,2,1,1,0,0,0,7,16,5,7,0,1
1446,0,5,0,0,1,1,0,0,1,4,3,1,0,0
1447,8,8,0,1,1,0,0,0,7,13,5,6,1,0
1448,6,0,0,0,0,0,0,0,2,2,3,2,1,0
1449,2,0,0,2,0,0,0,0,1,4,1,0,0,0
1450,12,6,0,6,0,0,0,0,4,19,2,6,1,0
1451,16,7,3,5,0,0,0,0,14,22,16,7,0,0
1452,2,6,1,3,1,0,0,0,1,7,2,5,0,0
1453,2,1,0,0,0,0,0,0,1,4,0,0,0,0
1454,2,8,0,4,0,0,0,0,2,10,3,3,0,0
1455,27,18,1,1,0,0,0,0,4,26,17,8,0,0
1456,11,14,0,6,0,0,0,0,6,18,13,6,0,0
1457,5,3,3,0,0,0,0,0,2,9,3,1,0,0
1459,0,1,0,0,0,0,0,0,0,1,0,0,0,0
1462,1,2,0,0,0,0,0,0,2,4,1,0,0,0
1463,3,9,0,1,0,0,1,0,3,4,7,6,0,0
1465,4,3,1,1,0,0,0,0,2,7,2,2,0,0
1466,4,4,1,0,0,0,0,0,1,3,5,2,0,0
1468,8,2,1,0,0,0,0,0,3,4,3,7,0,0
1469,5,2,0,0,0,0,0,0,1,3,4,1,0,0
1470,2,5,0,0,1,0,0,0,4,4,5,3,0,0
1471,6,11,0,1,0,0,0,0,1,10,7,2,0,0
1472,62,32,5,6,4,2,0,0,6,74,24,18,1,0
1473,2,4,0,0,0,0,0,0,0,2,2,2,0,0
1474,31,16,3,5,5,0,0,0,7,20,22,22,3,0
1475,1,0,0,0,0,0,0,0,1,0,0,2,0,0
1476,7,4,1,1,2,0,0,0,3,7,5,6,0,0
1477,5,0,0,2,1,1,0,0,6,8,3,4,0,0
1478,0,0,0,0,0,0,0,0,1,1,0,0,0,0
1479,4,5,0,0,0,0,0,0,1,6,1,3,0,0
1482,1,1,0,0,0,0,0,0,1,2,0,1,0,0
1483,23,14,5,7,2,0,0,0,4,43,4,7,1,0
1484,0,9,0,2,1,0,0,0,0,11,1,0,0,0
1485,9,8,2,2,0,0,0,1,6,16,7,3,1,1
1486,16,31,5,8,0,0,0,0,1,46,9,5,1,0
1487,5,4,0,0,0,0,0,0,0,7,2,0,0,0
1488,6,2,0,1,1,0,0,0,2,10,1,1,0,0
1489,5,9,1,0,1,0,0,0,1,12,4,1,0,0
1492,35,28,5,5,5,0,1,0,3,60,16,5,0,1
1493,30,48,0,16,1,0,0,0,5,74,16,6,3,1
1494,11,8,6,3,1,0,0,0,2,21,7,2,1,0
1496,1,1,0,0,0,0,0,0,0,1,0,0,0,1
1498,7,1,0,1,0,1,0,0,1,4,3,3,1,0
1499,7,3,2,1,0,1,0,0,0,9,1,4,0,0
1500,12,4,0,0,2,0,0,0,0,12,2,3,1,0
1501,0,1,0,0,0,0,0,0,0,1,0,0,0,0
1502,20,26,1,8,0,0,0,0,5,48,11,0,1,0
1503,58,62,6,14,1,1,0,1,6,110,28,10,1,0
1504,8,14,3,3,1,0,0,0,3,24,6,2,0,0
1505,3,9,2,3,1,0,0,0,2,16,3,1,0,0
1506,2,7,0,0,0,0,0,0,0,7,1,1,0,0
1507,6,11,0,2,0,0,0,0,3,15,6,1,0,0
1508,1,2,0,3,0,0,0,0,2,5,3,0,0,0
1509,12,9,1,0,0,0,0,0,4,20,2,4,0,0
1510,16,8,0,2,0,0,0,0,0,19,6,1,0,0
1512,13,11,0,4,1,0,0,0,2,24,5,2,0,0
1513,12,1,0,4,1,0,0,0,0,14,3,1,0,0
1514,31,21,1,2,0,1,0,0,6,35,21,6,0,0
1516,45,45,3,14,3,0,0,0,5,86,24,3,2,0
1519,2,7,0,0,0,0,0,0,1,6,1,3,0,0
1520,5,6,1,1,0,0,0,0,1,10,2,2,0,0
1521,3,1,0,0,0,0,0,0,0,4,0,0,0,0
1522,3,0,0,0,0,0,0,0,1,3,0,1,0,0
1524,6,14,1,3,0,0,0,1,2,17,5,5,0,0
1526,53,30,4,4,2,0,0,0,5,67,21,10,0,0
1527,8,9,0,4,0,0,0,0,1,15,5,2,0,0
1528,3,0,1,2,1,0,0,0,0,5,2,0,0,0
1529,3,0,1,2,1,0,0,0,0,5,2,0,0,0
1532,4,11,0,0,0,0,0,0,2,12,4,0,1,0
1534,3,4,0,1,0,0,0,0,0,6,1,1,0,0
1535,4,5,1,2,0,0,0,0,2,10,3,1,0,0
1536,5,2,2,1,3,0,0,0,2,11,2,2,0,0
1537,14,11,4,5,2,0,0,0,1,32,4,0,1,0
1539,13,3,0,1,0,0,0,0,2,9,8,1,1,0
1541,8,8,3,1,0,0,0,0,4,16,5,2,1,0
1542,1,7,0,0,0,0,0,0,1,8,0,1,0,0
1543,0,2,1,1,0,0,0,0,1,3,2,0,0,0
1544,15,17,0,12,1,0,0,0,2,36,7,3,1,0
1545,17,28,0,13,1,0,0,0,3,45,11,3,3,0
1546,10,7,1,0,0,0,0,0,1,15,2,1,0,1
1547,4,3,1,1,0,0,0,0,0,7,2,0,0,0
1549,1,0,0,0,0,0,0,0,0,1,0,0,0,0
1551,4,5,1,0,0,0,0,0,2,7,3,2,0,0
1552,31,8,0,14,0,0,0,0,4,36,9,12,0,0
1553,34,6,0,12,0,0,0,0,3,34,10,11,0,0
1555,5,4,0,2,0,0,0,0,0,7,3,1,0,0
1556,8,6,0,3,0,0,0,0,0,12,3,1,1,0
1557,1,2,0,1,0,0,0,0,0,4,0,0,0,0
1558,1,1,0,0,1,0,0,0,1,4,0,0,0,0
1559,0,0,0,0,0,1,0,0,0,1,0,0,0,0
1560,5,2,0,0,0,0,0,0,1,4,3,0,0,1
1561,4,1,2,0,1,0,0,0,3,9,2,0,0,0
1562,4,7,2,0,0,0,0,0,1,12,0,2,0,0
1564,8,7,2,3,0,0,0,0,0,16,3,1,0,0
1565,1,9,0,2,0,0,0,0,2,10,3,1,0,0
1566,1,7,0,1,0,0,0,0,3,9,2,1,0,0
1567,3,0,1,0,0,0,0,0,0,4,0,0,0,0
1569,11,17,3,1,0,0,0,0,2,24,4,5,1,0
1570,15,2,0,1,0,0,0,0,2,13,6,1,0,0
1571,9,9,0,1,0,0,0,0,0,15,4,0,0,0
1572,0,0,0,0,0,0,0,0,1,0,0,0,1,0
1575,2,2,0,2,0,0,0,0,1,5,2,0,0,0
1576,7,7,0,0,0,0,0,0,0,8,4,2,0,0
1577,7,7,1,1,1,0,0,0,2,13,5,1,0,0
1578,0,1,0,0,0,0,0,0,0,1,0,0,0,0
1579,2,1,0,0,0,0,0,0,3,4,0,2,0,0
1580,22,11,1,5,1,1,0,0,7,33,10,4,1,0
1581,1,10,1,0,0,0,0,0,3,8,5,2,0,0
1582,24,17,3,0,2,0,0,0,3,22,14,9,4,0
1583,6,13,4,2,0,1,0,0,5,16,8,7,0,0
1584,28,8,0,1,0,0,0,0,5,29,8,3,2,0
1585,4,26,1,1,0,1,0,0,6,31,6,2,0,0
1586,4,4,0,0,0,0,0,0,3,4,3,3,1,0
1587,133,39,6,8,4,1,0,0,8,106,64,27,2,0
1588,2,1,0,2,0,0,0,0,0,3,1,1,0,0
1589,17,14,3,2,1,0,0,0,7,21,13,8,2,0
1590,43,36,6,9,1,1,0,0,7,71,24,8,0,0
1591,2,2,0,2,0,0,0,0,3,7,1,1,0,0
1592,23,9,4,0,0,0,0,0,5,23,13,4,1,0
1593,6,6,1,4,0,0,0,0,2,10,4,4,1,0
1594,16,14,1,3,0,1,0,0,4,26,9,4,0,0
1595,7,10,1,0,0,0,0,0,2,8,8,4,0,0
1596,41,39,9,5,0,1,0,0,10,60,30,14,1,0
1597,52,53,2,5,1,0,0,0,2,68,31,16,0,0
1598,12,6,0,0,1,0,0,0,1,17,3,0,0,0
1599,106,44,8,2,5,0,0,0,8,99,44,24,4,2
1600,45,19,4,1,0,0,0,0,8,32,25,17,3,0
1601,31,8,2,1,1,0,0,0,5,26,15,4,3,0
1602,20,21,5,1,2,0,0,0,9,27,19,12,0,0
1603,23,12,2,2,0,0,0,0,5,28,9,6,1,0
1604,6,12,0,0,0,0,0,0,1,14,4,1,0,0
1605,31,12,5,1,2,0,0,0,4,22,25,5,3,0
1606,0,2,0,0,0,0,0,0,0,2,0,0,0,0
1607,25,9,4,1,2,3,0,0,4,26,16,5,1,0
1608,23,3,1,0,1,0,0,0,1,14,7,5,3,0
1609,6,2,0,0,1,0,0,0,3,5,4,2,1,0
1610,8,1,2,2,0,0,0,0,0,10,1,2,0,0
1611,0,0,0,0,0,0,0,0,1,0,1,0,0,0
1612,4,11,1,1,0,0,0,0,7,18,4,2,0,0
1613,13,16,2,3,0,0,0,0,3,19,11,6,1,0
1614,12,6,1,2,0,0,0,0,2,14,6,2,1,0
1615,21,28,1,2,1,0,0,0,2,27,13,10,4,1
1616,30,9,5,1,1,1,0,0,8,33,9,9,4,0
1617,35,15,5,0,1,0,0,0,4,34,14,9,3,0
1619,6,2,1,1,1,1,0,0,2,8,2,2,1,1
1620,28,69,5,4,4,0,0,0,2,71,28,11,2,0
1621,40,38,1,1,1,0,0,0,8,48,29,10,2,0
1622,28,29,3,3,1,0,0,0,10,40,21,10,2,1
1623,29,43,0,3,0,0,0,0,13,51,27,9,1,0
1624,54,41,10,6,2,0,0,0,14,69,35,18,4,1
1625,1,9,1,1,1,0,0,0,1,9,4,0,1,0
1626,10,14,3,0,0,2,0,0,1,18,8,4,0,0
1627,1,0,0,0,0,0,0,0,0,0,1,0,0,0
1628,4,1,0,1,0,0,0,0,0,6,0,0,0,0
1629,37,17,3,2,2,1,0,0,6,33,23,11,0,1
1630,3,5,0,2,0,0,0,0,1,9,1,1,0,0
1631,12,2,3,3,0,0,0,0,5,10,10,4,1,0
1632,37,31,3,0,3,1,0,0,3,42,24,12,0,0
1633,4,4,0,0,0,0,0,0,1,3,4,1,1,0
1634,3,10,1,0,0,0,0,0,1,4,8,2,1,0
1635,14,20,4,0,0,0,0,0,2,21,12,6,1,0
1636,14,6,1,1,1,0,0,0,4,16,8,3,0,0
1637,21,8,2,3,2,0,0,0,4,22,11,4,3,0
1638,12,19,1,0,3,0,1,0,2,29,7,2,0,0
1639,6,0,0,0,0,0,0,0,0,4,0,2,0,0
1640,0,2,0,0,0,0,0,0,1,3,0,0,0,0
1642,44,41,10,9,4,0,1,0,4,69,28,13,3,0
1643,7,17,0,1,0,0,0,0,3,18,9,1,0,0
1644,7,11,0,3,1,0,0,0,1,15,8,0,0,0
1645,40,42,3,3,2,0,0,0,3,56,25,12,0,0
1646,8,12,0,1,1,1,0,0,1,16,4,4,0,0
1647,0,1,0,0,0,0,0,0,0,1,0,0,0,0
1648,3,1,0,1,0,0,0,0,1,5,0,1,0,0
1649,1,4,0,4,0,0,0,0,1,6,2,2,0,0
1650,0,3,0,2,0,0,0,0,0,4,0,1,0,0
1651,10,10,0,1,0,0,0,0,1,16,4,2,0,0
1652,7,31,0,0,0,0,0,0,0,21,13,4,0,0
1653,2,11,0,0,0,0,0,0,0,9,3,1,0,0
1654,6,7,1,1,0,0,0,0,4,11,4,4,0,0
1655,15,43,0,2,1,0,0,0,5,44,14,7,1,0
1657,33,20,3,2,3,0,0,0,3,35,15,13,0,1
1658,4,4,0,1,0,0,0,0,1,7,1,2,0,0
1659,2,13,0,0,0,0,0,0,1,7,7,2,0,0
1660,4,1,1,1,0,0,0,0,1,3,3,2,0,0
1661,4,5,2,0,0,0,0,0,2,10,2,1,0,0
1662,27,46,3,0,1,2,0,0,3,48,26,5,3,0
1663,14,0,1,0,0,0,0,0,2,9,5,2,1,0
1664,0,1,0,1,0,0,0,0,1,3,0,0,0,0
1665,0,3,0,0,0,0,0,0,1,4,0,0,0,0
1666,8,4,0,0,0,0,0,0,5,12,3,2,0,0
1667,8,12,1,4,1,0,0,0,3,16,10,2,0,1
1668,12,21,2,1,1,0,1,0,2,25,9,6,0,0
1669,2,0,0,0,0,0,0,0,0,1,1,0,0,0
1670,25,46,2,6,4,0,0,0,4,57,18,9,3,0
1671,10,18,0,2,1,0,0,0,6,14,10,13,0,0
1672,9,19,1,0,1,2,0,0,0,20,7,4,0,1
1673,23,32,1,5,0,0,0,0,4,42,12,7,3,1
1674,11,6,0,0,0,0,0,0,1,4,7,7,0,0
1675,13,11,2,0,0,0,0,0,1,15,4,5,3,0
1676,11,18,0,1,0,0,0,0,1,23,3,5,0,0
1677,17,14,2,0,1,1,0,0,1,22,7,6,1,0
1678,69,64,14,15,5,0,1,0,6,115,28,27,4,0
1679,3,24,0,0,0,0,0,0,1,22,3,3,0,0
1680,6,22,1,0,0,1,0,0,5,21,8,6,0,0
1681,45,19,7,5,5,0,0,0,4,45,24,13,2,1
1682,18,10,3,1,2,0,0,0,3,15,9,10,3,0
1683,9,2,2,0,0,1,0,0,1,10,3,2,0,0
1684,2,1,0,0,0,0,1,0,1,5,0,0,0,0
1685,3,0,1,0,1,0,0,0,0,5,0,0,0,0
1686,11,9,2,2,1,0,0,0,3,18,5,4,1,0
1687,25,25,3,3,1,0,0,0,3,48,7,5,0,0
1688,2,0,0,0,0,0,0,0,1,2,1,0,0,0
1689,12,51,3,7,2,0,0,1,1,54,10,12,1,0
1690,11,10,3,0,0,1,0,0,0,14,5,3,3,0
1691,10,13,0,3,1,0,0,0,0,22,1,3,1,0
1692,32,14,4,0,3,1,0,0,4,33,10,14,1,0
1693,10,7,2,1,0,0,0,0,4,17,4,2,1,0
1694,45,36,4,4,3,1,0,0,2,51,26,15,3,0
1695,15,4,2,0,0,0,0,0,0,8,4,7,2,0
1696,24,21,4,2,4,0,0,0,4,33,16,10,0,0
1697,18,21,4,2,3,0,0,0,4,34,10,7,1,0
1698,41,27,2,6,4,1,0,0,2,48,17,15,3,0
1699,7,2,0,1,0,0,0,0,1,4,2,5,0,0
1700,50,32,5,4,5,0,0,0,1,61,19,15,2,0
1701,14,9,0,0,5,0,0,0,3,13,10,6,2,0
1702,13,44,2,4,1,0,0,0,7,41,17,9,4,0
1703,4,9,1,0,0,0,0,0,4,7,5,5,1,0
1704,0,1,0,0,0,0,0,0,0,1,0,0,0,0
1705,12,7,2,0,0,0,0,0,2,15,4,4,0,0
1706,21,8,1,1,2,0,0,0,5,19,7,11,1,0
1707,5,6,1,0,0,0,0,0,1,10,1,1,1,0
1708,16,17,1,2,1,0,0,0,1,22,11,5,0,0
1709,30,11,4,0,0,1,0,0,1,21,14,10,1,1
1710,1,3,0,0,0,0,0,0,0,4,0,0,0,0
1711,26,42,1,6,2,0,1,0,4,49,20,13,0,0
1713,4,10,0,0,2,0,0,0,1,11,4,2,0,0
1714,30,21,4,4,6,0,0,0,4,34,18,13,4,0
1715,12,58,1,6,1,0,0,0,1,61,13,5,0,0
1716,26,27,1,4,1,0,0,0,2,37,13,11,0,0
1717,5,3,2,0,0,0,0,0,0,9,1,0,0,0
1718,6,0,2,0,1,0,0,0,2,5,1,5,0,0
1720,19,16,2,7,1,1,1,0,2,32,10,6,1,0
1722,29,7,0,1,1,0,0,0,0,22,9,7,0,0
1723,1,4,0,0,0,0,0,0,1,3,3,0,0,0
1724,1,1,0,0,0,0,0,0,0,0,1,1,0,0
1725,3,0,0,0,0,0,0,0,1,3,1,0,0,0
1726,20,3,2,0,0,0,0,0,2,22,3,2,0,0
1728,22,9,0,1,1,0,0,0,4,15,8,10,4,0
1729,21,9,3,2,2,1,0,0,3,23,10,8,0,0
1730,27,4,2,0,4,0,0,0,0,22,8,7,0,0
1731,26,5,2,3,0,0,0,0,4,18,7,13,1,1
1732,11,15,1,1,0,0,0,0,3,16,11,4,0,0
1733,49,25,6,2,1,0,0,0,1,37,19,23,5,0
1735,3,6,1,0,0,0,0,0,1,7,2,2,0,0
1736,12,1,1,1,0,0,0,0,4,8,6,4,1,0
1737,13,5,4,1,0,0,0,0,2,9,9,3,2,2
1738,5,1,0,0,0,0,0,0,0,2,3,1,0,0
1739,4,8,1,0,0,0,0,0,3,9,5,2,0,0
1740,30,31,6,1,1,1,0,0,3,50,16,5,2,0
1741,0,2,0,0,1,0,0,0,1,4,0,0,0,0
1742,7,24,0,0,0,0,0,0,1,13,14,4,1,0
1743,16,9,3,1,0,1,0,0,4,23,5,5,1,0
1744,9,11,2,2,0,1,0,0,4,22,5,2,0,0
1745,2,0,0,0,0,0,0,0,1,2,0,1,0,0
1746,10,11,1,0,0,0,0,0,6,15,7,6,0,0
1747,0,1,0,0,0,0,0,0,1,2,0,0,0,0
1748,1,0,0,2,0,0,0,0,1,2,0,2,0,0
1749,34,14,1,4,1,1,0,0,6,32,13,13,2,1
1750,19,5,2,1,3,1,0,0,6,19,9,8,1,0
1751,4,3,0,0,0,0,0,0,1,3,3,2,0,0
1752,5,0,0,0,0,0,0,0,2,4,0,1,2,0
1753,4,1,1,0,0,1,0,0,0,3,2,1,1,0
1754,27,5,3,0,2,1,0,0,5,19,9,12,3,0
1755,7,2,0,0,0,1,0,0,0,7,1,2,0,0
1756,10,0,0,0,0,0,0,0,1,6,1,3,1,0
1757,21,1,2,3,0,1,0,0,3,18,3,8,2,0
1758,31,8,0,5,0,0,0,0,1,26,13,6,0,0
1759,7,2,0,0,1,0,0,0,3,9,1,2,1,0
1760,16,2,0,0,0,0,0,0,0,8,5,5,0,0
1761,11,4,1,1,0,1,0,0,0,8,4,5,1,0
1762,13,3,1,0,1,0,0,0,9,8,5,9,4,1
1763,1,2,0,1,0,0,0,0,0,3,0,1,0,0
1764,6,10,1,0,0,1,0,0,5,10,7,5,1,0
1765,6,5,1,0,0,2,0,0,0,7,3,4,0,0
1766,5,5,0,4,0,0,0,0,5,12,2,4,1,0
1767,2,5,0,0,0,0,0,0,1,5,2,1,0,0
1769,22,13,2,4,0,0,0,0,4,27,9,8,1,0
1772,3,0,1,0,0,1,0,0,2,6,0,0,1,0
1773,21,5,0,1,1,0,0,0,4,11,10,9,1,1
1774,27,15,3,0,2,1,0,0,8,27,16,13,0,0
1775,1,1,0,0,0,0,0,0,2,1,2,1,0,0
1776,4,2,0,1,0,0,0,0,0,5,1,1,0,0
1777,7,9,0,1,0,0,0,0,1,11,3,4,0,0
1778,6,5,2,0,0,0,0,0,4,8,5,4,0,0
1779,8,5,0,0,0,0,0,0,2,7,5,2,1,0
1780,4,4,0,0,0,0,0,0,2,7,2,1,0,0
1781,7,5,0,0,0,0,0,1,3,6,7,3,0,0
1782,5,6,0,0,0,1,0,0,3,7,4,3,0,1
1783,17,7,0,0,0,0,0,0,2,15,4,7,0,0
1784,13,21,0,3,1,0,0,0,4,33,4,3,2,0
1785,8,9,0,1,3,1,0,0,1,14,7,2,0,0
1786,2,0,0,1,0,0,0,0,2,3,0,2,0,0
1787,18,7,1,1,0,1,1,0,3,22,5,4,1,0
1788,25,4,0,0,1,0,0,0,0,16,2,11,1,0
1789,32,6,1,1,0,0,0,0,9,15,17,16,1,0
1790,43,23,2,2,1,2,0,0,3,38,20,16,2,0
1791,39,15,4,3,1,0,0,0,8,43,15,11,1,0
1792,5,4,0,0,0,0,0,0,0,3,2,3,1,0
1793,0,3,0,0,0,0,0,0,0,2,1,0,0,0
1794,12,8,0,0,0,0,0,0,6,10,8,8,0,0
1795,26,7,0,0,0,0,0,0,4,13,12,11,1,0
1796,2,1,0,1,0,0,0,0,0,1,1,2,0,0
1797,35,14,2,0,1,0,0,0,6,33,10,12,2,1
1798,6,5,0,1,0,0,0,0,2,8,4,1,1,0
1799,40,11,3,0,0,0,0,0,2,30,9,16,1,0
1800,11,3,0,0,1,0,0,0,1,12,3,1,0,0
1801,84,28,3,3,2,0,0,0,6,61,36,23,6,0
1802,10,3,1,2,0,0,0,0,0,4,7,4,1,0
1803,13,25,1,3,0,0,0,0,7,25,7,15,2,0
1804,19,21,2,0,1,0,0,0,1,25,11,5,2,1
1805,1,9,0,0,0,0,0,0,0,6,0,4,0,0
1806,35,45,5,4,1,0,0,0,3,54,21,16,1,1
1807,7,1,0,0,0,0,0,0,2,7,2,1,0,0
1808,41,22,9,0,1,0,0,0,7,44,18,13,5,0
1809,1,1,0,0,0,0,0,0,0,2,0,0,0,0
1810,7,4,0,1,0,0,0,0,0,9,3,0,0,0
1811,1,1,0,0,0,0,0,0,2,4,0,0,0,0
1812,14,10,1,1,2,0,0,0,3,21,4,4,2,0
1813,23,8,1,0,1,1,1,0,7,18,7,14,2,1
1814,18,12,6,0,0,0,0,0,1,17,12,6,2,0
1815,3,5,0,0,1,0,0,0,1,7,0,3,0,0
1816,18,30,1,5,2,0,0,0,7,37,18,7,1,0
1817,21,6,2,1,0,0,0,0,4,14,7,10,3,0
1818,11,1,0,1,0,0,0,0,0,5,3,5,0,0
1819,2,4,0,0,0,0,0,0,0,2,2,2,0,0
1820,2,1,0,0,0,0,0,0,0,1,1,1,0,0
1821,18,18,3,0,0,1,0,0,4,22,12,9,1,0
1822,9,6,2,0,1,0,0,0,0,8,3,6,1,0
1823,15,2,1,0,1,1,0,0,1,7,6,7,1,0
1824,28,11,1,5,0,0,0,0,0,29,12,4,0,0
1825,23,31,6,1,1,0,0,0,4,38,20,7,1,0
1826,18,18,2,0,1,1,0,0,1,17,16,6,1,1
1827,18,4,2,2,1,0,0,0,1,15,9,4,0,0
1828,8,10,2,2,0,0,0,0,0,14,6,2,0,0
1829,11,2,0,0,0,0,0,0,1,4,3,7,0,0
1830,11,11,1,2,0,0,0,0,0,19,4,2,0,0
1831,9,6,3,4,1,0,0,0,1,15,8,1,0,0
1832,1,0,0,0,0,0,0,0,0,1,0,0,0,0
1833,5,10,2,0,0,0,0,0,1,12,5,0,1,0
1834,2,0,1,0,0,0,0,0,2,1,1,1,1,1
1836,4,0,0,1,1,0,0,0,0,6,0,0,0,0
1837,3,0,1,0,1,0,0,0,0,1,1,3,0,0
1838,0,1,0,0,0,0,0,0,0,1,0,0,0,0
1839,5,5,0,0,0,0,0,0,2,5,6,1,0,0
1840,29,12,3,3,0,0,0,0,3,30,12,7,1,0
1841,1,0,0,0,0,0,0,0,0,0,1,0,0,0
1845,49,18,0,0,0,1,0,0,0,43,17,6,2,0
1846,1,1,0,0,0,0,0,0,0,1,1,0,0,0
1847,23,16,2,0,1,0,0,0,2,30,12,2,0,0
1849,1,1,0,0,0,0,0,0,0,2,0,0,0,0
1850,10,4,0,0,0,0,0,0,3,9,0,8,0,0
1851,6,1,0,0,0,0,0,0,0,5,1,1,0,0
1852,39,30,8,0,6,0,0,0,1,46,15,18,5,0
1853,36,15,3,19,1,1,0,0,1,53,14,7,2,0
1854,4,12,1,1,1,0,0,0,2,15,4,2,0,0
1855,1,0,0,0,0,0,0,0,4,4,0,1,0,0
1857,3,5,0,2,0,0,0,0,0,5,3,0,0,2
1858,5,3,0,2,0,0,0,0,1,9,1,1,0,0
1859,4,0,0,3,0,0,0,0,2,6,1,1,1,0
1861,2,1,0,0,0,1,0,0,1,3,2,0,0,0
1862,5,1,1,2,0,0,0,0,3,8,0,3,0,1
1865,7,8,1,1,0,0,0,0,5,12,8,1,1,0
1866,1,3,0,2,0,0,0,0,1,6,0,1,0,0
1867,1,8,0,1,0,0,0,0,1,8,2,1,0,0
1868,19,27,3,1,1,0,0,0,4,35,13,6,1,0
1870,12,3,0,1,2,0,0,0,2,10,4,6,0,0
1871,16,50,0,1,1,0,0,0,2,56,11,3,0,0
1872,3,8,0,0,0,1,0,0,1,8,2,2,1,0
1873,13,5,1,4,0,0,0,0,1,15,4,5,0,0
1874,7,0,0,2,0,0,0,0,1,6,3,1,0,0
1876,12,6,2,1,0,0,0,0,1,17,5,0,0,0
1877,2,1,1,0,0,1,0,0,2,5,1,1,0,0
1878,3,5,0,1,0,0,0,0,0,8,0,1,0,0
1879,6,2,1,0,1,0,0,0,2,6,3,3,0,0
1881,3,4,0,1,0,1,0,0,1,6,2,2,0,0
1884,6,0,0,0,0,0,0,0,0,5,0,1,0,0
1885,2,0,0,1,0,0,0,0,2,3,1,1,0,0
1886,1,0,0,0,0,0,0,0,4,2,2,0,1,0
1887,3,1,0,0,0,0,0,0,1,5,0,0,0,0
1888,1,2,0,0,0,0,0,0,3,4,1,1,0,0
1889,1,0,0,2,0,0,0,0,1,2,1,1,0,0
1890,0,1,1,1,0,0,0,0,0,2,0,1,0,0
1892,0,2,0,1,0,0,0,0,0,3,0,0,0,0
1896,2,1,0,1,1,0,0,0,3,6,0,1,1,0
1898,4,1,0,0,0,0,0,0,0,2,1,1,0,1
1902,1,1,0,1,0,0,0,0,0,2,1,0,0,0
1903,15,1,0,0,0,0,0,0,0,10,4,2,0,0
1906,17,13,0,0,0,0,0,0,1,23,7,1,0,0
1907,0,3,0,0,0,0,0,0,0,2,1,0,0,0
1908,0,0,0,0,0,0,0,0,2,1,0,1,0,0
1909,6,0,0,1,0,0,0,0,1,4,1,2,1,0
1910,0,0,1,0,1,0,0,0,1,1,0,1,1,0
1911,1,0,0,0,0,0,0,0,0,1,0,0,0,0
1912,2,0,1,0,0,0,0,0,0,3,0,0,0,0
1913,0,0,1,0,0,0,0,0,0,1,0,0,0,0
1914,19,28,1,0,1,1,0,0,2,33,13,4,1,1
1915,12,3,0,2,0,1,0,0,2,10,8,2,0,0
1917,2,0,0,1,1,0,0,0,3,3,2,1,1,0
1919,6,6,0,1,0,0,0,0,2,10,4,1,0,0
1920,9,5,1,3,2,1,1,0,1,14,4,4,1,0
1921,6,2,0,0,0,0,0,0,4,8,3,0,0,1
1922,6,2,0,2,0,0,0,0,5,12,1,1,1,0
1923,3,0,0,0,0,0,0,0,1,2,0,2,0,0
1924,7,7,0,2,0,0,0,0,2,13,1,4,0,0
1925,0,0,0,0,0,0,0,0,3,3,0,0,0,0
1926,1,14,0,1,0,0,0,0,3,16,2,1,0,0
1927,5,6,1,0,1,2,0,0,7,17,3,2,0,0
1928,7,9,1,0,0,0,0,0,5,16,4,1,1,0
1929,0,0,0,0,1,0,0,0,1,2,0,0,0,0
1930,2,2,0,0,0,0,0,0,1,1,4,0,0,0
1931,6,7,1,1,0,0,0,0,0,12,2,1,0,0
1932,20,17,1,2,0,0,0,0,3,27,13,1,0,2
1933,17,18,1,2,0,0,0,0,2,26,7,6,1,0
1934,22,13,0,1,2,0,0,0,0,22,6,8,1,1
1936,16,6,1,1,1,0,0,0,0,21,3,1,0,0
1939,4,5,0,1,1,0,0,0,2,10,1,2,0,0
1940,0,0,1,0,0,0,0,0,0,1,0,0,0,0
1941,0,0,1,0,0,0,0,0,0,1,0,0,0,0
1942,5,0,1,0,1,1,0,0,0,4,2,2,0,0
1943,2,0,0,0,0,0,0,0,0,1,1,0,0,0
1944,15,3,1,1,3,0,0,0,1,16,8,0,0,0
1945,2,2,0,1,0,3,0,0,6,7,4,3,0,0
1946,4,8,0,0,0,1,0,0,1,10,2,2,0,0
1947,3,4,0,1,1,0,0,0,0,8,1,0,0,0
1948,0,0,0,1,0,0,0,0,0,1,0,0,0,0
1949,0,6,0,0,0,0,0,0,0,6,0,0,0,0
1950,2,22,1,4,0,1,0,0,6,29,5,2,0,0
1951,1,0,1,0,0,0,0,0,1,2,0,0,0,1
1952,6,4,0,1,0,0,0,0,4,12,2,1,0,0
1953,22,7,0,0,1,0,0,0,1,21,7,2,0,1
1954,1,0,0,0,0,0,0,0,0,1,0,0,0,0
1955,3,7,0,0,0,0,0,0,3,8,3,2,0,0
1956,23,15,1,0,1,0,0,0,2,31,7,3,1,0
1957,6,13,2,1,1,0,0,0,3,17,3,5,1,0
1958,1,1,0,0,0,0,0,0,1,2,0,0,1,0
1960,3,5,0,0,2,0,0,0,1,10,1,0,0,0
1961,3,3,0,1,2,0,0,0,0,7,1,1,0,0
1962,7,31,0,2,1,1,0,0,1,31,9,3,0,0
1963,14,21,1,3,0,1,0,0,4,35,7,2,0,0
1964,6,21,0,1,0,0,0,0,3,23,4,4,0,0
1966,9,12,0,3,0,0,0,0,0,17,6,0,1,0
1967,10,2,0,0,0,1,0,0,0,8,3,2,0,0
1968,4,7,1,0,0,0,1,0,1,13,1,0,0,0
1969,24,25,2,5,0,0,0,0,3,41,9,5,4,0
1970,1,0,0,0,0,0,0,0,3,3,1,0,0,0
1971,1,0,1,0,0,0,0,0,2,2,2,0,0,0
1972,21,3,2,3,0,1,0,0,6,24,5,7,0,0
1973,27,14,3,1,1,0,0,0,6,37,11,3,1,0
1974,38,9,3,2,0,0,0,0,4,44,7,5,0,0
1975,29,24,1,4,1,1,0,0,5,50,13,1,1,0
1976,18,24,1,4,0,0,0,0,2,38,9,2,0,0
1977,2,1,0,0,0,0,0,0,0,1,0,2,0,0
1978,9,13,0,0,0,0,0,0,1,19,3,0,1,0
1979,2,1,0,0,0,0,0,0,1,2,2,0,0,0
1980,3,0,0,0,0,0,0,0,0,1,2,0,0,0
1981,1,1,0,0,1,0,0,0,0,3,0,0,0,0
1984,30,33,2,1,1,0,0,0,7,52,10,11,0,1
1985,1,0,0,0,0,0,0,0,0,1,0,0,0,0
1986,9,6,2,2,0,0,0,0,1,14,5,1,0,0
1987,8,0,0,0,1,0,0,0,1,4,4,1,0,1
1988,14,26,1,2,0,0,0,0,3,35,8,2,1,0
1990,27,38,0,9,0,0,0,0,5,60,11,8,0,0
1991,11,4,1,0,0,0,0,0,7,19,3,0,0,1
1993,37,29,2,2,2,1,0,0,0,55,12,6,0,0
1995,22,15,1,4,1,0,0,0,0,21,16,5,0,1
1997,22,68,3,9,0,4,0,0,4,80,20,6,3,1
1998,1,4,0,0,0,0,0,0,0,4,1,0,0,0
1999,4,3,2,0,0,0,0,0,20,24,2,2,1,0
2001,0,2,0,0,0,0,0,0,0,2,0,0,0,0
2004,4,2,0,1,0,0,0,0,0,5,0,1,1,0
2005,7,0,0,0,0,0,0,0,1,3,2,1,2,0
2008,19,28,0,3,2,1,0,0,4,38,12,7,0,0
2009,1,2,0,0,0,0,0,0,1,4,0,0,0,0
2010,0,1,0,0,0,0,0,0,0,1,0,0,0,0
2011,4,0,0,1,0,1,0,0,0,5,1,0,0,0
2013,22,14,3,2,0,0,0,0,1,21,14,6,1,0
2015,8,8,0,0,0,0,0,0,1,10,5,1,0,1
2016,9,9,1,1,0,1,1,0,2,15,6,3,0,0
2019,5,1,0,1,0,0,0,0,2,6,1,0,2,0
2024,8,11,1,0,1,0,0,0,2,16,5,2,0,0
2026,0,1,0,0,0,0,0,0,1,2,0,0,0,0
2034,0,0,0,0,0,0,0,0,1,0,1,0,0,0
2035,1,0,0,0,0,0,0,0,0,0,0,1,0,0
2036,9,3,0,0,1,0,0,0,3,8,3,5,0,0
2039,1,0,0,0,1,0,0,0,0,1,1,0,0,0
2045,0,1,0,0,0,0,0,0,0,1,0,0,0,0
2046,2,0,0,0,0,0,0,0,1,1,0,2,0,0
2048,3,6,0,0,0,0,0,0,5,8,2,1,1,2
2049,3,4,1,0,0,0,0,0,3,6,2,2,1,0
2050,1,0,0,0,0,0,0,0,0,1,0,0,0,0
2051,1,0,0,0,0,0,0,0,0,1,0,0,0,0
2052,0,0,0,1,0,0,0,0,0,1,0,0,0,0
